celebrity_name,ballroom_partner,celebrity_industry,industry_category,celebrity_homestate,celebrity_homecountry_region,celebrity_age_during_season,age_group,season,results,placement,elimination_week,final_place,weeks_participated,avg_judge_total,max_judge_total,min_judge_total,std_judge_total,score_trend,partner_prev_seasons,partner_historical_avg_placement,is_us_contestant
Debbie Gibson,Alan Bersten,Singer/Rapper,Entertainment,New York,United States,47,46-55,25,Eliminated Week 2,12,2.0,,2.0,18.75,20.5,17.0,2.4748737341529163,,0,6.814726840855107,1
Mirai Nagasu,Alan Bersten,Athlete,Sports,California,United States,25,≤25,26,Eliminated Week 3,4,3.0,,3.0,31.666666666666668,37.0,23.0,7.571877794400365,,1,12.0,1
Alexis Ren,Alan Bersten,Social Media Personality,Media,California,United States,21,≤25,27,4th Place,4,,4.0,9.0,26.5,29.0,22.0,2.358495283014151,4.166666666666664,2,8.0,1
Hannah Brown,Alan Bersten,TV Personality,Media,Alabama,United States,24,≤25,28,1st Place,1,,1.0,11.0,26.77270909090909,35.5,20.0,4.740043536815784,8.833333333333332,3,6.666666666666667,1
Skai Jackson,Alan Bersten,Actor/Actress,Entertainment,New York,United States,18,≤25,29,Eliminated Week 10,5,10.0,,10.0,23.54996,28.9998,15.0,5.155595019695701,10.166533333333334,4,5.25,1
Amanda Kloots,Alan Bersten,TV Personality,Media,Ohio,United States,39,36-45,30,4th Place,4,,4.0,10.0,34.95,42.0,24.0,5.68843856724614,12.166666666666664,5,5.2,1
Jessie James Decker,Alan Bersten,Singer/Rapper,Entertainment,Unknown,Italy,34,26-35,31,Eliminated Week 6,10,6.0,,6.0,28.333333333333332,36.0,20.0,5.750362307426086,9.333333333333332,6,5.0,0
Jamie Lynn Spears,Alan Bersten,Actor/Actress,Entertainment,Mississippi,United States,32,26-35,32,Eliminated Week 2,13,2.0,,2.0,15.5,16.0,15.0,0.7071067811865476,,7,5.714285714285714,1
Ilona Maher,Alan Bersten,Athlete,Sports,California,United States,28,26-35,33,2nd Place,2,,2.0,9.0,25.77777777777778,32.0,18.0,4.258162097013739,5.333333333333336,8,6.625,1
Elaine Hendrix,Alan Bersten (Rashad Jennings week 9),Actor/Actress,Entertainment,Georgia,United States,55,46-55,34,5th Place,5,,5.0,11.0,27.909072727272726,37.5,12.0,7.8064630568639615,13.166599999999999,0,6.814726840855107,1
Kelly Monaco,Alec Mazo,Actor/Actress,Entertainment,Pennsylvania,United States,29,26-35,1,1st Place,1,,1.0,6.0,21.333333333333332,27.5,13.0,5.52871293039046,8.666666666666668,0,6.814726840855107,1
Paulina Porizkova,Alec Mazo,Model,Model,Unknown,Czechoslovakia,41,36-45,4,Eliminated Week 2,11,2.0,,2.0,20.0,21.0,19.0,1.4142135623730951,,1,1.0,0
Josie Maran,Alec Mazo,Model,Model,California,United States,29,26-35,5,Eliminated Week 1,12,1.0,,1.0,16.0,16.0,16.0,,,2,6.0,1
Toni Braxton,Alec Mazo,Singer/Rapper,Entertainment,Maryland,United States,40,36-45,7,Eliminated Week 5,8,5.0,,5.0,22.3,23.0,22.0,0.4472135954999579,-0.5,3,8.0,1
Natalie Coughlin,Alec Mazo,Athlete,Sports,California,United States,27,26-35,9,Eliminated Week 5,10,5.0,,5.0,23.999959999999998,26.9998,21.0,2.549450922845937,-0.666599999999999,4,8.0,1
Jonathan Bennett,Allison Holker,Actor/Actress,Entertainment,Ohio,United States,33,26-35,19,Eliminated Week 6,9,6.0,,6.0,28.666666666666668,32.0,24.0,3.7237973450050514,-4.0,0,6.814726840855107,1
Riker Lynch,Allison Holker,Actor/Actress,Entertainment,Colorado,United States,23,≤25,20,2nd Place,2,,2.0,10.0,36.3,40.0,31.0,3.301514803843836,7.333333333333329,1,9.0,1
Andy Grammer,Allison Holker,Singer/Rapper,Entertainment,California,United States,31,26-35,21,Eliminated Week 8,7,8.0,,8.0,27.874975,40.0,21.0,6.916610958255289,6.666599999999999,2,5.5,1
Babyface,Allison Holker,Singer/Rapper,Entertainment,Indiana,United States,57,>55,23,Eliminated Week 4,11,4.0,,4.0,24.75,30.0,18.0,4.9916597106239795,-2.666666666666668,3,6.0,1
Kenny Mayne,Andrea Hale,Sports Broadcaster,Media,Washington,United States,46,46-55,2,Eliminated Week 1,10,1.0,,1.0,13.0,13.0,13.0,,,0,6.814726840855107,1
Michael Irvin,Anna Demidova,Athlete,Sports,Florida,United States,43,36-45,9,Eliminated Week 7,7,7.0,,7.0,19.357114285714285,23.5,14.0,3.350524480052126,4.499933333333331,0,6.814726840855107,1
Jerry Rice,Anna Trebunskaya,Athlete,Sports,Mississippi,United States,43,36-45,2,2nd Place,2,,2.0,8.0,22.520825000000002,26.666600000000003,19.0,2.3560586372462935,2.3888666666666687,0,6.814726840855107,1
Albert Reed,Anna Trebunskaya,Model,Model,Florida,United States,22,≤25,5,Eliminated Week 2,11,2.0,,2.0,21.0,21.0,21.0,0.0,,1,2.0,1
Steve Guttenberg,Anna Trebunskaya,Actor/Actress,Entertainment,New York,United States,49,46-55,6,Eliminated Week 3,10,3.0,,3.0,18.333333333333332,21.0,16.0,2.5166114784235836,,2,6.5,1
Chuck Liddell,Anna Trebunskaya,Athlete,Sports,California,United States,39,36-45,9,Eliminated Week 4,11,4.0,,4.0,18.75,22.0,17.0,2.362907813126304,-1.6666666666666643,3,7.666666666666667,1
Evan Lysacek,Anna Trebunskaya,Athlete,Sports,Illinois,United States,24,≤25,10,2nd Place,2,,2.0,10.0,26.288869999999996,29.5,23.0,1.778117885137103,3.2962333333333333,4,8.5,1
Kurt Warner,Anna Trebunskaya,Athlete,Sports,Iowa,United States,39,36-45,11,Eliminated Week 8,5,8.0,,8.0,23.1249875,35.0,17.0,5.3835095431558395,5.999966666666666,5,7.2,1
Sugar Ray Leonard,Anna Trebunskaya,Athlete,Sports,North Carolina,United States,54,46-55,12,Eliminated Week 4,9,4.0,,4.0,18.75,21.0,17.0,2.0615528128088303,1.3333333333333321,6,6.833333333333333,1
Carson Kressley,Anna Trebunskaya,TV Personality,Media,Pennsylvania,United States,41,36-45,13,Eliminated Week 5,8,5.0,,5.0,19.4,23.0,17.0,2.3021728866442674,1.3333333333333357,7,7.142857142857143,1
Jack Wagner,Anna Trebunskaya,Actor/Actress,Entertainment,Missouri,United States,52,46-55,14,Eliminated Week 3,11,3.0,,3.0,22.666666666666668,24.0,21.0,1.5275252316519465,,8,7.25,1
Drew Lachey,Anna Trebunskaya,Singer/Rapper,Entertainment,Ohio,United States,36,36-45,15,Eliminated Week 3,11,3.0,,3.0,22.666666666666668,24.0,21.5,1.2583057392117916,,9,7.666666666666667,1
Gary Busey,Anna Trebunskaya,Actor/Actress,Entertainment,Texas,United States,71,>55,21,Eliminated Week 4,10,4.0,,4.0,18.125,25.0,15.0,4.625563028792639,0.3333333333333357,10,8.0,1
Lea Thompson,Artem Chigvintsev,Actor/Actress,Entertainment,Minnesota,United States,53,46-55,19,Eliminated Week 9,6,9.0,,9.0,33.888888888888886,39.0,31.0,2.4720661623652207,1.3333333333333357,0,6.814726840855107,1
Patti LaBelle,Artem Chigvintsev,Singer/Rapper,Entertainment,Pennsylvania,United States,70,>55,20,Eliminated Week 6,8,6.0,,6.0,27.666666666666668,34.0,22.0,4.131182235954578,5.333333333333332,1,6.0,1
Mischa Barton,Artem Chigvintsev,Actor/Actress,Entertainment,Unknown,England,30,26-35,22,Eliminated Week 3,11,3.0,,3.0,16.333333333333332,18.0,15.0,1.5275252316519465,,2,7.0,0
Maureen McCormick,Artem Chigvintsev,Actor/Actress,Entertainment,California,United States,60,>55,23,Eliminated Week 7,8,7.0,,7.0,26.857142857142858,33.0,22.0,4.0178174601214955,4.0,3,8.333333333333334,1
Nancy Kerrigan,Artem Chigvintsev,Athlete,Sports,Massachusetts,United States,47,46-55,24,Eliminated Week 7,7,7.0,,7.0,32.5,36.0,28.0,3.3291640592396967,5.4999999999999964,4,8.25,1
Nikki Bella,Artem Chigvintsev,Athlete,Sports,California,United States,33,26-35,25,Eliminated Week 7,8,7.0,,7.0,24.5,36.0,19.5,5.722761571129799,8.833333333333332,5,8.0,1
Jamie Anderson,Artem Chigvintsev,Athlete,Sports,California,United States,27,26-35,26,Eliminated Week 1,10,1.0,,1.0,19.0,19.0,19.0,,,6,8.0,1
Danelle Umstead,Artem Chigvintsev,Athlete,Sports,New Mexico,United States,46,46-55,27,Eliminated Week 2,12,2.0,,2.0,18.25,18.5,18.0,0.3535533905932738,,7,8.285714285714286,1
Kaitlyn Bristowe,Artem Chigvintsev,TV Personality,Media,Unknown,Canada,35,26-35,29,1st Place,1,,1.0,11.0,26.0,30.0,20.0,3.4641016151377544,8.333333333333332,8,8.75,0
Melora Hardin,Artem Chigvintsev,Actor/Actress,Entertainment,Texas,United States,54,46-55,30,Eliminated Week 9,6,9.0,,9.0,33.166666666666664,42.0,23.0,6.34428877022476,13.333333333333332,9,7.888888888888889,1
Heidi D'Amelio,Artem Chigvintsev,Social Media Personality,Media,Louisiana,United States,50,46-55,31,Eliminated Week 8,8,8.0,,8.0,32.875,39.0,24.0,4.793969425970806,7.333333333333336,10,7.7,1
Charity Lawson,Artem Chigvintsev,TV Personality,Media,Georgia,United States,27,26-35,32,4th Place,4,,4.0,11.0,30.636363636363637,39.0,21.0,6.557785102803038,7.333333333333336,11,7.7272727272727275,1
Joey McIntyre,Ashly DelGrosso,Singer/Rapper,Entertainment,Massachusetts,United States,32,26-35,1,3rd Place,3,,3.0,5.0,21.1,22.5,20.0,1.1401754250991378,0.5,0,6.814726840855107,1
Master P,Ashly DelGrosso,Singer/Rapper,Entertainment,Louisiana,United States,35,26-35,2,Eliminated Week 4,7,4.0,,4.0,12.5,16.0,8.0,3.415650255319866,-1.333333333333334,1,3.0,1
Harry Hamlin,Ashly DelGrosso,Actor/Actress,Entertainment,California,United States,54,46-55,3,Eliminated Week 3,9,3.0,,3.0,20.0,22.0,17.0,2.6457513110645907,,2,5.0,1
Buzz Aldrin,Ashly DelGrosso,Astronaut,Other,New Jersey,United States,80,>55,10,Eliminated Week 3,10,3.0,,3.0,13.0,14.0,12.0,1.0,,3,6.333333333333333,1
Tinashe,Brandon Armstrong,Singer/Rapper,Entertainment,Kentucky,United States,25,≤25,27,Eliminated Week 4,10,4.0,,4.0,25.5,27.0,23.0,1.7320508075688772,1.0,0,6.814726840855107,1
Mary Wilson,Brandon Armstrong,Singer/Rapper,Entertainment,Nevada,United States,75,>55,28,Eliminated Week 2,12,2.0,,2.0,16.0,17.0,15.0,1.4142135623730951,,1,10.0,1
Jeannie Mai,Brandon Armstrong,TV Personality,Media,California,United States,41,36-45,29,Withdrew,9,-1.0,,7.0,21.857142857142858,25.0,18.0,3.023715784073818,5.333333333333336,2,11.0,1
Kenya Moore,Brandon Armstrong,TV Personality,Media,Michigan,United States,50,46-55,30,Eliminated Week 6,10,6.0,,6.0,28.083333333333332,36.0,21.0,5.499242372060597,8.833333333333332,3,10.333333333333334,1
Jordin Sparks,Brandon Armstrong,Singer/Rapper,Entertainment,Arizona,United States,32,26-35,31,Eliminated Week 7,9,7.0,,7.0,31.428571428571427,35.5,26.0,3.9626229889280347,7.333333333333332,4,10.25,1
Lele Pons,Brandon Armstrong,Social Media Personality,Media,Unknown,Venezuela,27,26-35,32,Eliminated Week 7,8,7.0,,7.0,26.642857142857142,37.0,19.0,7.341175460568774,10.166666666666668,5,10.0,0
Chandler Kinney,Brandon Armstrong,Actor/Actress,Entertainment,California,United States,24,≤25,33,3rd Place,3,,3.0,9.0,29.055555555555557,34.5,23.0,3.7950991789119,2.5,6,9.666666666666666,1
Lauren Jauregui,Brandon Armstrong,Singer/Rapper,Entertainment,Florida,United States,29,26-35,34,Eliminated Week 3,12,3.0,,3.0,17.333333333333332,21.0,13.0,4.041451884327381,,7,8.714285714285714,1
Shandi Finnessey,Brian Fortuna,Beauty Pageant,Model,Missouri,United States,28,26-35,4,Eliminated Week 3,10,3.0,,3.0,20.0,21.0,19.0,1.0,,0,6.814726840855107,1
Johnny Weir,Britt Stewart,Athlete,Sports,Pennsylvania,United States,36,36-45,29,Eliminated Week 10,6,10.0,,10.0,25.05,30.0,18.0,4.60947092649712,9.5,0,6.814726840855107,1
Martin Kove,Britt Stewart,Actor/Actress,Entertainment,New York,United States,75,>55,30,Eliminated Week 2,15,2.0,,2.0,14.0,15.0,13.0,1.4142135623730951,,1,6.0,1
Daniel Durant,Britt Stewart,Actor/Actress,Entertainment,Michigan,United States,32,26-35,31,Eliminated Week 9,5,9.0,,9.0,32.611111111111114,39.0,27.0,3.911343900900445,7.666666666666664,2,10.5,1
Adrian Peterson,Britt Stewart,Athlete,Sports,Texas,United States,38,36-45,32,Eliminated Week 4,11,4.0,,4.0,19.0,22.0,15.0,3.1622776601683795,1.0,3,8.666666666666666,1
Eric Roberts,Britt Stewart,Actor/Actress,Entertainment,California,United States,68,>55,33,Eliminated Week 3,10,3.0,,3.0,17.666666666666668,23.0,15.0,4.618802153517007,,4,9.25,1
Baron Davis,Britt Stewart,Athlete,Sports,California,United States,46,46-55,34,Eliminated Week 2,13,2.0,,2.0,14.0,18.0,10.0,5.656854249492381,,5,9.4,1
John O'Hurley,Charlotte Jorgensen,Actor/Actress,Entertainment,Maine,United States,50,46-55,1,2nd Place,2,,2.0,6.0,24.166666666666668,27.0,20.0,3.0605010483034745,1.6666666666666679,0,6.814726840855107,1
Ty Murray,Chelsie Hightower,Athlete,Sports,Arizona,United States,39,36-45,8,Eliminated Week 10,4,10.0,,10.0,21.8,26.0,14.0,3.6453928305312844,5.333333333333332,0,6.814726840855107,1
Louie Vito,Chelsie Hightower,Athlete,Sports,Ohio,United States,21,≤25,9,Eliminated Week 6,8,6.0,,6.0,21.333299999999998,26.9998,16.0,3.8815220390975496,-1.3332666666666633,1,4.0,1
Jake Pavelka,Chelsie Hightower,TV Personality,Media,Texas,United States,32,26-35,10,Eliminated Week 6,7,6.0,,6.0,21.333316666666665,24.999899999999997,19.0,2.2508931564307226,1.9999666666666656,2,6.0,1
Michael Bolton,Chelsie Hightower,Singer/Rapper,Entertainment,Connecticut,United States,57,>55,11,Eliminated Week 2,11,2.0,,2.0,14.0,16.0,12.0,2.8284271247461903,,3,6.333333333333333,1
Romeo,Chelsie Hightower,Singer/Rapper,Entertainment,Louisiana,United States,21,≤25,12,Eliminated Week 8,5,8.0,,8.0,24.375,30.0,19.0,3.814914340921881,7.333333333333332,4,7.5,1
Roshon Fegan,Chelsie Hightower,Actor/Actress,Entertainment,California,United States,20,≤25,14,Eliminated Week 8,6,8.0,,8.0,25.999975,28.0,23.0,1.6035318178053986,2.6665999999999954,5,7.0,1
Helio Castroneves,Chelsie Hightower,Racing Driver,Sports,Unknown,Brazil,37,36-45,15,Eliminated Week 3,10,3.0,,3.0,23.333333333333332,25.5,21.5,2.0207259421636903,,6,6.833333333333333,0
Drew Lachey,Cheryl Burke,Singer/Rapper,Entertainment,Ohio,United States,29,26-35,2,1st Place,1,,1.0,8.0,27.437475,30.0,24.0,1.7614168418390592,2.8332666666666633,0,6.814726840855107,1
Emmitt Smith,Cheryl Burke,Athlete,Sports,Florida,United States,37,36-45,3,1st Place,1,,1.0,10.0,25.76666,29.666600000000003,19.0,3.255755246124418,6.388866666666669,1,1.0,1
Ian Ziering,Cheryl Burke,Actor/Actress,Entertainment,New Jersey,United States,42,36-45,4,Eliminated Week 9,4,9.0,,9.0,24.27777777777778,29.0,21.0,2.412352471021688,4.166666666666668,2,1.0,1
Wayne Newton,Cheryl Burke,Singer/Rapper,Entertainment,Virginia,United States,65,>55,5,Eliminated Week 3,10,3.0,,3.0,17.333333333333332,19.0,15.0,2.081665999466133,,3,2.0,1
Cristian de la Fuente,Cheryl Burke,Actor/Actress,Entertainment,Unknown,Chile,34,26-35,6,3rd Place,3,,3.0,10.0,24.75,28.5,20.0,2.8987545218210147,5.5,4,4.0,0
Maurice Greene,Cheryl Burke,Athlete,Sports,Kansas,United States,34,26-35,7,Eliminated Week 8,5,8.0,,8.0,22.4375,27.0,19.0,2.94518371971209,2.5,5,3.8,1
Gilles Marini,Cheryl Burke,Actor/Actress,Entertainment,Unknown,France,33,26-35,8,2nd Place,2,,2.0,11.0,27.681818181818183,30.0,24.0,1.7926618096106035,3.0,6,4.0,0
Tom DeLay,Cheryl Burke,Politician,Other,Texas,United States,62,>55,9,Withdrew,13,-1.0,,3.0,17.666633333333333,19.9999,15.0,2.5165651200263692,,7,3.7142857142857144,1
Chad Ochocinco,Cheryl Burke,Athlete,Sports,Florida,United States,32,26-35,10,Eliminated Week 9,4,9.0,,9.0,22.166655555555554,30.999899999999997,16.0,4.808823054321897,6.833333333333332,8,4.875,1
Rick Fox,Cheryl Burke,Athlete,Sports,Unknown,Canada,41,36-45,11,Eliminated Week 7,6,7.0,,7.0,25.0,34.5,19.5,5.361902647381804,7.166666666666668,9,4.777777777777778,0
Chris Jericho,Cheryl Burke,Athlete,Sports,New York,United States,40,36-45,12,Eliminated Week 6,7,6.0,,6.0,22.333333333333332,26.0,19.0,2.3380903889000244,2.666666666666668,10,4.9,1
Rob Kardashian,Cheryl Burke,TV Personality,Media,California,United States,24,≤25,13,2nd Place,2,,2.0,10.0,24.3833,32.4998,16.0,4.372312296714405,8.444333333333333,11,5.090909090909091,1
William Levy,Cheryl Burke,Actor/Actress,Entertainment,Unknown,Cuba,31,26-35,14,3rd Place,3,,3.0,10.0,27.76666,36.0,22.0,3.825834404327157,3.388866666666665,12,4.833333333333333,0
Emmitt Smith,Cheryl Burke,Athlete,Sports,Florida,United States,43,36-45,15,Eliminated Week 9,4,9.0,,9.0,28.117255555555555,36.0,22.5,4.499844849856245,6.185099999999995,13,4.6923076923076925,1
D. L. Hughley,Cheryl Burke,Comedian,Entertainment,Virginia,United States,50,46-55,16,Eliminated Week 5,9,5.0,,5.0,16.6,21.0,12.0,3.286335345030997,3.666666666666666,14,4.642857142857143,1
Jack Osbourne,Cheryl Burke,TV Personality,Media,Unknown,England,27,26-35,17,3rd Place,3,,3.0,11.0,26.909063636363634,35.5,22.0,3.786935917142704,7.166633333333333,15,4.933333333333334,0
Drew Carey,Cheryl Burke,Comedian,Entertainment,Ohio,United States,55,46-55,18,Eliminated Week 6,8,6.0,,6.0,27.5,33.0,21.0,5.319774431308154,7.0,16,4.8125,1
Antonio Sabato Jr.,Cheryl Burke,Actor/Actress,Entertainment,Unknown,Italy,42,36-45,19,Eliminated Week 7,8,7.0,,7.0,28.5,31.0,25.0,1.848422751068236,0.16666666666666785,17,5.0,0
Ryan Lochte,Cheryl Burke,Athlete,Sports,New York,United States,32,26-35,23,Eliminated Week 8,7,8.0,,8.0,26.0,33.0,22.0,3.6645015252516173,5.333333333333336,18,5.166666666666667,1
Terrell Owens,Cheryl Burke,Athlete,Sports,Alabama,United States,43,36-45,25,Eliminated Week 8,6,8.0,,8.0,23.9375,37.0,15.0,6.355186296021766,10.5,19,5.2631578947368425,1
Juan Pablo Di Pace,Cheryl Burke,Actor/Actress,Entertainment,Unknown,Argentina,39,36-45,27,Eliminated Week 8,5,8.0,,8.0,27.375,30.0,22.0,3.0676887530703447,3.333333333333332,20,5.3,0
Ray Lewis,Cheryl Burke,Athlete,Sports,Florida,United States,44,36-45,28,Withdrew,11,-1.0,,2.0,15.0,15.0,15.0,0.0,,21,5.285714285714286,1
AJ McLean,Cheryl Burke,Singer/Rapper,Entertainment,Florida,United States,42,36-45,29,Eliminated Week 9,7,9.0,,9.0,23.444422222222222,27.0,18.0,3.3582287004378433,6.666599999999999,22,5.545454545454546,1
Cody Rigsby,Cheryl Burke,Fitness Instructor,Other,California,United States,34,26-35,30,3rd Place,3,,3.0,10.0,31.05,38.0,18.0,6.9938465016676545,15.166666666666664,23,5.608695652173913,1
Sam Champion,Cheryl Burke,News Anchor,Media,Kentucky,United States,61,>55,31,Eliminated Week 4,13,4.0,,4.0,24.0,26.0,20.0,2.70801280154532,1.6666666666666643,24,5.5,1
Cloris Leachman,Corky Ballas,Actor/Actress,Entertainment,Iowa,United States,82,>55,7,Eliminated Week 6,7,6.0,,6.0,17.5,22.0,15.0,3.146426544510455,3.666666666666666,0,6.814726840855107,1
Florence Henderson,Corky Ballas,Actor/Actress,Entertainment,Indiana,United States,76,>55,11,Eliminated Week 5,8,5.0,,5.0,19.1,21.0,17.5,1.4317821063276353,0.5,1,7.0,1
Pamela Anderson,Damian Whitewood,Model,Model,Unknown,Canada,42,36-45,10,Eliminated Week 7,6,7.0,,7.0,23.428542857142855,29.9998,21.0,3.3469303642079478,4.166599999999999,0,6.814726840855107,0
Nelly,Daniella Karagach,Singer/Rapper,Entertainment,Texas,United States,45,36-45,29,3rd Place,3,,3.0,11.0,22.954545454545453,28.5,16.0,4.221697202870816,9.5,0,6.814726840855107,1
Iman Shumpert,Daniella Karagach,Athlete,Sports,Illinois,United States,31,26-35,30,1st Place,1,,1.0,10.0,31.1,40.0,19.0,7.58946638440411,15.833333333333332,1,3.0,1
Joseph Baena,Daniella Karagach,Actor/Actress,Entertainment,California,United States,24,≤25,31,Eliminated Week 5,11,5.0,,5.0,27.8,35.0,23.0,4.764451699828638,5.333333333333336,2,2.0,1
Jason Mraz,Daniella Karagach,Singer/Rapper,Entertainment,Virginia,United States,46,46-55,32,2nd Place,2,,2.0,11.0,30.863636363636363,43.0,21.0,6.834072391667025,7.5000000000000036,3,5.0,1
Dwight Howard,Daniella Karagach,Athlete,Sports,Georgia,United States,38,36-45,33,Eliminated Week 7,6,7.0,,7.0,25.428571428571427,31.0,22.0,3.4572215654165057,3.0,4,4.25,1
Dylan Efron,Daniella Karagach (Rumer Willis week 9),TV Personality,Media,California,United States,33,26-35,34,4th Place,4,,4.0,11.0,28.98483636363636,42.0,10.0,9.515032805752456,15.277733333333334,0,6.814726840855107,1
Jennie Garth,Derek Hough,Actor/Actress,Entertainment,Illinois,United States,35,26-35,5,Eliminated Week 9,4,9.0,,9.0,25.27777777777778,29.0,21.0,2.7054471801246547,4.166666666666664,0,6.814726840855107,1
Shannon Elizabeth,Derek Hough,Actor/Actress,Entertainment,Texas,United States,34,26-35,6,Eliminated Week 7,6,7.0,,7.0,24.214285714285715,28.0,21.0,2.1574897229794407,1.1666666666666679,1,4.0,1
Brooke Burke,Derek Hough,TV Personality,Media,Connecticut,United States,37,36-45,7,1st Place,1,,1.0,10.0,26.95,30.0,24.0,2.2785229133512495,1.8333333333333321,2,5.0,1
Lil' Kim,Derek Hough,Singer/Rapper,Entertainment,New York,United States,34,26-35,8,Eliminated Week 9,5,9.0,,9.0,25.555555555555557,28.0,21.0,2.2973414586817036,3.666666666666668,3,3.6666666666666665,1
Joanna Krupa,Derek Hough,Model,Model,Unknown,Poland,30,26-35,9,Eliminated Week 9,4,9.0,,9.0,27.055533333333333,35.9999,20.0,5.077142952241938,1.1666999999999987,4,4.0,0
Nicole Scherzinger,Derek Hough,Singer/Rapper,Entertainment,Hawaii,United States,31,26-35,10,1st Place,1,,1.0,10.0,28.07776,35.9999,23.0,3.559693356393996,3.9258999999999986,5,4.0,1
Jennifer Grey,Derek Hough,Actor/Actress,Entertainment,New York,United States,50,46-55,11,1st Place,1,,1.0,10.0,27.9,36.5,24.0,3.9214509786273974,5.5,6,3.5,1
Ricki Lake,Derek Hough,Actor/Actress,Entertainment,New York,United States,42,36-45,13,3rd Place,3,,3.0,10.0,26.59998,33.4999,20.0,3.7252641966860693,5.833266666666667,7,3.142857142857143,1
Maria Menounos,Derek Hough,TV Personality,Media,Massachusetts,United States,33,26-35,14,Eliminated Week 9,4,9.0,,9.0,26.72221111111111,29.999899999999997,21.0,2.6938564366185345,3.8333333333333357,8,3.125,1
Shawn Johnson,Derek Hough,Athlete,Sports,Iowa,United States,20,≤25,15,2nd Place,2,,2.0,10.0,29.35274,39.5,22.0,5.420423685203133,4.259200000000003,9,3.2222222222222223,1
Kellie Pickler,Derek Hough,Singer/Rapper,Entertainment,North Carolina,United States,26,26-35,16,1st Place,1,,1.0,10.0,26.75,30.0,21.0,2.5522321385189257,4.833333333333332,10,3.1,1
Amber Riley,Derek Hough,Actor/Actress,Entertainment,California,United States,27,26-35,17,1st Place,1,,1.0,11.0,28.53028181818182,39.5,24.0,4.5029571991788195,7.111066666666666,11,2.909090909090909,1
Amy Purdy,Derek Hough,Athlete,Sports,Nevada,United States,34,26-35,18,2nd Place,2,,2.0,10.0,33.91666,40.0,24.0,5.971775280470996,8.2222,12,2.75,1
Bethany Mota,Derek Hough,Social Media Personality,Media,California,United States,18,≤25,19,Eliminated Week 11,4,11.0,,11.0,36.04545454545455,40.0,32.0,3.0533141457647743,2.6666666666666643,13,2.6923076923076925,1
Nastia Liukin,Derek Hough,Athlete,Sports,Unknown,Russia,25,≤25,20,Eliminated Week 9,4,9.0,,9.0,36.388888888888886,41.0,30.0,3.3891165679437925,7.0,14,2.7857142857142856,0
Bindi Irwin,Derek Hough,TV Personality,Media,Unknown,Australia,17,≤25,21,1st Place,1,,1.0,11.0,30.318181818181817,40.0,24.0,4.849086136957805,3.833333333333332,15,2.8666666666666667,0
Marilu Henner,Derek Hough,Actor/Actress,Entertainment,Illinois,United States,64,>55,23,Eliminated Week 9,6,9.0,,9.0,28.333333333333332,36.0,21.0,4.898979485566356,3.0,16,2.75,1
Holly Madison,Dmitry Chaplin,TV Personality,Media,Oregon,United States,30,26-35,8,Eliminated Week 4,11,4.0,,4.0,17.25,18.0,16.0,0.9574271077563381,-0.6666666666666679,0,6.814726840855107,1
Mya,Dmitry Chaplin,Singer/Rapper,Entertainment,Washington D.C.,United States,29,26-35,9,2nd Place,2,,2.0,10.0,28.433299999999996,33.0,24.5,2.37423048024688,0.6110666666666695,1,11.0,1
Petra Nemcova,Dmitry Chaplin,Model,Model,Unknown,Czechoslovakia,31,26-35,12,Eliminated Week 5,8,5.0,,5.0,21.2,25.0,18.0,3.1144823004794873,3.0,2,6.5,0
Evander Holyfield,Edyta Sliwinska,Athlete,Sports,Alabama,United States,42,36-45,1,Eliminated Week 3,5,3.0,,3.0,15.0,18.0,13.0,2.6457513110645907,,0,6.814726840855107,1
George Hamilton,Edyta Sliwinska,Actor/Actress,Entertainment,Tennessee,United States,66,>55,2,Eliminated Week 6,5,6.0,,6.0,21.666666666666668,24.0,18.0,2.0655911179772892,2.0,1,5.0,1
Joey Lawrence,Edyta Sliwinska,Actor/Actress,Entertainment,Pennsylvania,United States,30,26-35,3,3rd Place,3,,3.0,9.0,25.88888888888889,29.5,21.0,3.069790076065644,4.333333333333332,2,5.0,1
John Ratzenberger,Edyta Sliwinska,Actor/Actress,Entertainment,Connecticut,United States,59,>55,4,Eliminated Week 7,6,7.0,,7.0,19.071428571428573,22.5,16.0,2.280872848797353,0.5,3,4.333333333333333,1
Cameron Mathison,Edyta Sliwinska,Actor/Actress,Entertainment,Unknown,Canada,38,36-45,5,Eliminated Week 8,5,8.0,,8.0,24.25,27.0,21.0,2.29906813420444,3.6666666666666643,4,4.75,0
Jason Taylor,Edyta Sliwinska,Athlete,Sports,Pennsylvania,United States,33,26-35,6,2nd Place,2,,2.0,10.0,26.15,29.0,22.0,2.369364659331461,3.333333333333332,5,4.8,1
Jeffrey Ross,Edyta Sliwinska,Comedian,Entertainment,New Jersey,United States,43,36-45,7,Eliminated Week 1,13,1.0,,1.0,12.0,12.0,12.0,,,6,4.333333333333333,1
Lawrence Taylor,Edyta Sliwinska,Athlete,Sports,Virginia,United States,50,46-55,8,Eliminated Week 7,7,7.0,,7.0,19.714285714285715,22.0,16.0,1.889822365046136,2.333333333333332,7,5.571428571428571,1
Ashley Hamiliton,Edyta Sliwinska,Actor/Actress,Entertainment,California,United States,34,26-35,9,Eliminated Week 1,16,1.0,,1.0,18.9999,18.9999,18.9999,,,8,5.75,1
Aiden Turner,Edyta Sliwinska,Actor/Actress,Entertainment,Unknown,England,32,26-35,10,Eliminated Week 4,9,4.0,,4.0,17.625,20.0,15.0,2.286737122335374,0.5,9,6.888888888888889,0
Geraldo Rivera,Edyta Sliwinska,Journalist,Media,New York,United States,72,>55,22,Eliminated Week 2,12,2.0,,2.0,13.0,13.0,13.0,0.0,,10,7.1,1
Tucker Carlson,Elena Grinenko,TV Personality,Media,California,United States,37,36-45,3,Eliminated Week 1,11,1.0,,1.0,12.0,12.0,12.0,,,0,6.814726840855107,1
Clyde Drexler,Elena Grinenko,Athlete,Sports,Louisiana,United States,44,36-45,4,Eliminated Week 5,8,5.0,,5.0,15.6,18.0,13.0,1.816590212458495,-2.0000000000000018,1,11.0,1
Bill Engvall,Emma Slater,Comedian,Entertainment,Texas,United States,56,>55,17,Eliminated Week 11,4,11.0,,11.0,23.409072727272726,30.0,18.0,3.137013780043342,4.499966666666666,0,6.814726840855107,1
Billy Dee Williams,Emma Slater,Actor/Actress,Entertainment,New York,United States,76,>55,18,Withdrew,10,-1.0,,2.0,15.0,15.0,15.0,0.0,,1,4.0,1
Michael Waltrip,Emma Slater,Racing Driver,Sports,Kentucky,United States,51,46-55,19,Eliminated Week 8,7,8.0,,8.0,25.625,30.0,20.0,3.0676887530703447,2.0,2,7.0,1
Redfoo,Emma Slater,Singer/Rapper,Entertainment,California,United States,39,36-45,20,Eliminated Week 2,12,2.0,,2.0,26.5,31.0,22.0,6.363961030678928,,3,7.0,1
Hayes Grier,Emma Slater,Social Media Personality,Media,North Carolina,United States,15,≤25,21,Eliminated Week 7,8,7.0,,7.0,27.214285714285715,32.0,21.0,4.081024614574372,5.5,4,8.25,1
Rick Perry,Emma Slater,Politician,Other,Texas,United States,66,>55,23,Eliminated Week 3,12,3.0,,3.0,21.666666666666668,23.0,20.0,1.5275252316519465,,5,8.2,1
Rashad Jennings,Emma Slater,Athlete,Sports,Virginia,United States,32,26-35,24,1st Place,1,,1.0,10.0,35.16666,39.6666,28.0,4.149958500515397,8.222200000000004,6,8.833333333333334,1
Drew Scott,Emma Slater,TV Personality,Media,Unknown,Canada,39,36-45,25,Eliminated Week 10,4,10.0,,10.0,25.2,37.5,16.0,5.798467230417209,8.5,7,7.714285714285714,0
Johnny Damon,Emma Slater,Athlete,Sports,Kansas,United States,44,36-45,26,Eliminated Week 1,9,1.0,,1.0,18.0,18.0,18.0,,,8,7.25,1
John Schneider,Emma Slater,Actor/Actress,Entertainment,New York,United States,58,>55,27,Eliminated Week 7,8,7.0,,7.0,21.642857142857142,27.0,18.0,3.0374644814697795,3.1666666666666643,9,7.444444444444445,1
James Van Der Beek,Emma Slater,Actor/Actress,Entertainment,Connecticut,United States,42,36-45,28,Eliminated Week 10,5,10.0,,10.0,26.549979999999998,36.0,20.0,4.821512211329553,9.833266666666667,10,7.5,1
Charles Oakley,Emma Slater,Athlete,Sports,Ohio,United States,56,>55,29,Eliminated Week 2,15,2.0,,2.0,13.5,15.0,12.0,2.1213203435596424,,11,7.2727272727272725,1
Jimmie Allen,Emma Slater,Singer/Rapper,Entertainment,Delaware,United States,36,36-45,30,Eliminated Week 8,7,8.0,,8.0,30.4375,38.0,20.0,6.821381824821127,13.0,12,7.916666666666667,1
Trevor Donovan,Emma Slater,Actor/Actress,Entertainment,California,United States,39,36-45,31,Eliminated Week 9,6,9.0,,9.0,31.833333333333332,39.0,21.0,5.958187643906492,10.833333333333336,13,7.846153846153846,1
Mauricio Umansky,Emma Slater,TV Personality,Media,Unknown,Mexico,53,46-55,32,Eliminated Week 6,9,6.0,,6.0,21.0,33.0,12.0,7.4565407529228995,8.666666666666664,14,7.714285714285714,0
Reginald VelJohnson,Emma Slater,Actor/Actress,Entertainment,New York,United States,74,>55,33,Eliminated Week 3,10,3.0,,3.0,17.333333333333332,21.0,15.0,3.2145502536643185,,15,7.8,1
Andy Richter,Emma Slater/Kaitlyn Bristowe (week 9),Comedian,Entertainment,California,United States,59,>55,34,Eliminated Week 9,7,9.0,,9.0,22.666666666666668,34.0,9.0,7.937253933193772,16.333333333333336,0,6.814726840855107,1
Anna Delvey,Ezra Sosa,Con artist,Other,Unknown,Russia,33,26-35,33,Eliminated Week 2,12,2.0,,2.0,17.5,18.0,17.0,0.7071067811865476,,0,6.814726840855107,0
Jordan Chiles,Ezra Sosa (Apolo Anton Ohno week 9),Athlete,Sports,Texas,United States,24,≤25,34,3rd Place,3,,3.0,11.0,29.5606,39.0,10.0,9.204549742382842,13.722199999999997,0,6.814726840855107,1
Marlee Matlin,Fabian Sanchez,Actor/Actress,Entertainment,Illinois,United States,42,36-45,6,Eliminated Week 6,7,6.0,,6.0,22.333333333333332,24.0,21.0,1.3662601021279464,0.0,0,6.814726840855107,1
Lisa Vanderpump,Gleb Savchenko,TV Personality,Media,Unknown,England,52,46-55,16,Eliminated Week 4,10,4.0,,4.0,18.75,21.0,18.0,1.5,0.0,0,6.814726840855107,0
Jana Kramer,Gleb Savchenko,Singer/Rapper,Entertainment,Michigan,United States,32,26-35,23,Eliminated Week 11,4,11.0,,11.0,30.90909090909091,40.0,23.0,5.774158734474581,7.5000000000000036,1,10.0,1
Erika Jayne,Gleb Savchenko,Singer/Rapper,Entertainment,Georgia,United States,45,36-45,24,Eliminated Week 5,9,5.0,,5.0,28.0,32.0,24.0,3.1622776601683795,3.333333333333332,2,7.0,1
Sasha Pieterse,Gleb Savchenko,Actor/Actress,Entertainment,Unknown,South Africa,21,≤25,25,Eliminated Week 5,10,5.0,,5.0,21.5,24.0,18.0,2.8284271247461903,2.5,3,7.666666666666667,0
Arike Ogunbowale,Gleb Savchenko,Athlete,Sports,Wisconsin,United States,21,≤25,26,Eliminated Week 2,7,2.0,,2.0,27.5,35.0,20.0,10.606601717798213,,4,8.25,1
Nikki Glaser,Gleb Savchenko,Comedian,Entertainment,Ohio,United States,34,26-35,27,Eliminated Week 1,13,1.0,,1.0,17.5,17.5,17.5,,,5,8.0,1
Lauren Alaina,Gleb Savchenko,Singer/Rapper,Entertainment,Georgia,United States,24,≤25,28,4th Place,4,,4.0,11.0,25.5,35.0,19.0,5.191338940966964,10.833333333333336,6,8.833333333333334,1
Chrishell Stause,Gleb Savchenko,Actor/Actress,Entertainment,Kentucky,United States,39,36-45,29,Eliminated Week 8,8,8.0,,8.0,21.375,27.0,13.0,4.596194077712559,8.0,7,8.142857142857142,1
Melanie C,Gleb Savchenko,Singer/Rapper,Entertainment,Unknown,England,47,46-55,30,Eliminated Week 5,11,5.0,,5.0,29.6,36.0,22.0,5.412947441089743,4.0,8,8.125,0
Shangela,Gleb Savchenko,TV Personality,Media,Texas,United States,40,36-45,31,4th Place,4,,4.0,10.0,34.55,42.0,28.0,4.781038938696623,10.166666666666668,9,8.444444444444445,1
Mira Sorvino,Gleb Savchenko,Actor/Actress,Entertainment,New York,United States,55,46-55,32,Eliminated Week 5,10,5.0,,5.0,20.8,26.0,17.0,3.5637059362410923,2.666666666666668,10,8.0,1
Brooks Nader,Gleb Savchenko,Model,Model,New York,United States,27,26-35,33,Eliminated Week 4,9,4.0,,4.0,25.125,32.0,18.0,7.145802963978226,4.666666666666668,11,8.181818181818182,1
Hilaria Baldwin,Gleb Savchenko,Entrepreneur,Other,New York,United States,41,36-45,34,Eliminated Week 4,11,4.0,,4.0,20.0,23.0,14.0,4.08248290463863,3.0,12,8.25,1
Diana Nyad,Henry Byalikov,Athlete,Sports,New York,United States,64,>55,18,Eliminated Week 2,12,2.0,,2.0,18.0,18.0,18.0,,,0,6.814726840855107,1
Ted McGinley,Inna Brayer,Actor/Actress,Entertainment,California,United States,50,46-55,7,Eliminated Week 1,12,1.0,,1.0,18.5,18.5,18.5,,,0,6.814726840855107,1
Jen Affleck,Jan Ravnik,TV Personality,Media,Utah,United States,26,26-35,34,Eliminated Week 7,9,7.0,,7.0,24.428571428571427,34.0,12.0,7.764387566686395,14.0,0,6.814726840855107,1
Jake T. Austin,Jenna Johnson,Actor/Actress,Entertainment,New York,United States,21,≤25,23,Eliminated Week 2,13,2.0,,2.0,23.0,24.0,22.0,1.4142135623730951,,0,6.814726840855107,1
Adam Rippon,Jenna Johnson,Athlete,Sports,Pennsylvania,United States,28,26-35,26,1st Place,1,,1.0,4.0,32.75,41.0,24.0,7.675719293112969,1.6666666666666643,1,13.0,1
Joe Amabile,Jenna Johnson,TV Personality,Media,Illinois,United States,32,26-35,27,Eliminated Week 8,6,8.0,,8.0,18.75,23.5,14.0,3.6449573777637356,6.333333333333332,2,7.0,1
Karamo Brown,Jenna Johnson,TV Personality,Media,Texas,United States,38,36-45,28,Eliminated Week 7,8,7.0,,7.0,21.5,28.0,16.0,4.481443219916251,6.166666666666668,3,6.666666666666667,1
Nev Schulman,Jenna Johnson,Producer,Other,New York,United States,35,26-35,29,2nd Place,2,,2.0,11.0,26.363618181818183,30.0,20.0,3.748925179786383,7.999933333333331,4,7.0,1
JoJo Siwa,Jenna Johnson,Social Media Personality,Media,Nebraska,United States,18,≤25,30,2nd Place,2,,2.0,10.0,35.9,41.0,24.0,5.933895104491746,12.333333333333336,5,6.0,1
Tyson Beckford,Jenna Johnson,Model,Model,New York,United States,52,46-55,32,Eliminated Week 3,12,3.0,,3.0,16.666666666666668,20.0,12.0,4.163331998932266,,6,5.333333333333333,1
Joey Graziadei,Jenna Johnson,TV Personality,Media,Louisiana,United States,29,26-35,33,1st Place,1,,1.0,9.0,28.666666666666668,36.0,21.0,5.2141634036535525,2.666666666666668,7,6.285714285714286,1
Corey Feldman,Jenna Johnson,Actor/Actress,Entertainment,California,United States,54,46-55,34,Eliminated Week 2,13,2.0,,2.0,12.0,15.0,9.0,4.242640687119285,,8,5.625,1
Shanna Moakler,Jesse DeSoto,Model,Model,Rhode Island,United States,31,26-35,3,Eliminated Week 2,10,2.0,,2.0,20.0,22.0,18.0,2.8284271247461903,,0,6.814726840855107,1
Rachel Hunter,Jonathan Roberts,Model,Model,Unknown,New Zealand,35,26-35,1,Eliminated Week 4,4,4.0,,4.0,23.75,26.0,20.0,2.6299556396765835,1.6666666666666679,0,6.814726840855107,0
Giselle Fernandez,Jonathan Roberts,News Anchor,Media,Unknown,Mexico,44,36-45,2,Eliminated Week 3,8,3.0,,3.0,23.0,24.0,22.0,1.0,,1,4.0,0
Heather Mills,Jonathan Roberts,Model,Model,Unknown,England,39,36-45,4,Eliminated Week 6,7,6.0,,6.0,22.166666666666668,24.0,18.0,2.316606713852541,0.33333333333333215,2,6.0,0
Marie Osmond,Jonathan Roberts,Singer/Rapper,Entertainment,Utah,United States,47,46-55,5,3rd Place,3,,3.0,10.0,24.25,28.0,21.0,2.3003622903070435,1.5,3,6.333333333333333,1
Monica Seles,Jonathan Roberts,Athlete,Sports,Unknown,Yugoslavia,34,26-35,6,Eliminated Week 2,11,2.0,,2.0,15.0,15.0,15.0,0.0,,4,5.5,0
Belinda Carlisle,Jonathan Roberts,Singer/Rapper,Entertainment,California,United States,50,46-55,8,Eliminated Week 2,13,2.0,,2.0,17.5,18.0,17.0,0.7071067811865476,,5,6.6,1
Macy Gray,Jonathan Roberts,Singer/Rapper,Entertainment,Ohio,United States,42,36-45,9,Eliminated Week 1,15,1.0,,1.0,18.9999,18.9999,18.9999,,,6,7.666666666666667,1
Apolo Anton Ohno,Julianne Hough,Athlete,Sports,Washington,United States,24,≤25,4,1st Place,1,,1.0,10.0,26.883319999999998,30.0,21.0,2.9731703994221386,5.944400000000002,0,6.814726840855107,1
Helio Castroneves,Julianne Hough,Racing Driver,Sports,Unknown,Brazil,32,26-35,5,1st Place,1,,1.0,10.0,26.649990000000003,30.0,23.0,2.1608827930835224,3.4999666666666656,1,1.0,0
Adam Carolla,Julianne Hough,Radio Personality,Media,California,United States,43,36-45,6,Eliminated Week 4,9,4.0,,4.0,18.5,21.0,15.0,2.516611478423583,1.3333333333333357,2,1.0,1
Cody Linley,Julianne Hough,Actor/Actress,Entertainment,Texas,United States,18,≤25,7,Eliminated Week 9,4,9.0,,9.0,22.833333333333332,28.0,20.5,2.2638462845343543,2.166666666666668,3,3.6666666666666665,1
Chuck Wicks,Julianne Hough,Singer/Rapper,Entertainment,Delaware,United States,29,26-35,8,Eliminated Week 8,6,8.0,,8.0,22.9375,27.0,20.0,2.42660109147401,4.166666666666668,4,3.75,1
Mario Lopez,Karina Smirnoff,Actor/Actress,Entertainment,California,United States,32,26-35,3,2nd Place,2,,2.0,10.0,26.866660000000003,29.666600000000003,21.0,3.044721479763516,6.222200000000001,0,6.814726840855107,1
Billy Ray Cyrus,Karina Smirnoff,Singer/Rapper,Entertainment,Kentucky,United States,45,36-45,4,Eliminated Week 8,5,8.0,,8.0,19.0,21.0,13.0,2.8284271247461903,1.3333333333333357,1,2.0,1
Floyd Mayweather Jr.,Karina Smirnoff,Athlete,Sports,Michigan,United States,30,26-35,5,Eliminated Week 4,9,4.0,,4.0,20.75,23.0,18.0,2.0615528128088303,1.6666666666666679,2,3.5,1
Mario,Karina Smirnoff,Singer/Rapper,Entertainment,Maryland,United States,21,≤25,6,Eliminated Week 8,5,8.0,,8.0,25.25,28.0,21.0,2.2038926600773587,3.0,3,5.333333333333333,1
Rocco DiSpirito,Karina Smirnoff,TV Personality,Media,New York,United States,41,36-45,7,Eliminated Week 4,9,4.0,,4.0,17.875,20.0,16.0,1.6520189667999174,0.16666666666666785,4,5.25,1
Steve Wozniak,Karina Smirnoff,Entrepreneur,Other,California,United States,58,>55,8,Eliminated Week 4,10,4.0,,4.0,13.0,17.0,10.0,2.943920288775949,-0.3333333333333339,5,6.0,1
Aaron Carter,Karina Smirnoff,Singer/Rapper,Entertainment,Florida,United States,21,≤25,9,Eliminated Week 8,5,8.0,,8.0,25.8124625,32.9998,18.0,5.070427391661095,1.4999666666666656,6,6.666666666666667,1
The Situation,Karina Smirnoff,TV Personality,Media,New York,United States,28,26-35,11,Eliminated Week 4,9,4.0,,4.0,16.75,20.0,14.0,2.753785273643051,-0.3333333333333357,7,6.428571428571429,1
Ralph Macchio,Karina Smirnoff,Actor/Actress,Entertainment,New York,United States,49,46-55,12,Eliminated Week 9,4,9.0,,9.0,24.11111111111111,33.0,21.0,3.620926830400072,4.666666666666668,8,6.75,1
J.R. Martinez,Karina Smirnoff,Actor/Actress,Entertainment,Louisiana,United States,28,26-35,13,1st Place,1,,1.0,10.0,26.31665,30.0,22.0,2.8419682151831167,5.388833333333334,9,6.444444444444445,1
Gavin DeGraw,Karina Smirnoff,Singer/Rapper,Entertainment,New York,United States,35,26-35,14,Eliminated Week 5,9,5.0,,5.0,21.4,24.0,19.0,2.0736441353327724,0.33333333333333215,10,5.9,1
Apolo Anton Ohno,Karina Smirnoff,Athlete,Sports,Washington,United States,30,26-35,15,Eliminated Week 9,5,9.0,,9.0,28.404299999999996,34.5,22.0,3.974091277889827,6.296233333333333,11,6.181818181818182,1
Jacoby Jones,Karina Smirnoff,Athlete,Sports,Louisiana,United States,28,26-35,16,3rd Place,3,,3.0,10.0,25.19997,29.5,20.0,2.830373356624332,4.833366666666667,12,6.083333333333333,1
Corbin Bleu,Karina Smirnoff,Actor/Actress,Entertainment,New York,United States,24,≤25,17,2nd Place,2,,2.0,11.0,28.515118181818185,37.5,24.0,3.512239667453855,6.7221333333333355,13,5.846153846153846,1
Sean Avery,Karina Smirnoff,Athlete,Sports,Unknown,Canada,33,26-35,18,Eliminated Week 2,11,2.0,,2.0,20.5,21.0,20.0,0.7071067811865476,,14,5.571428571428571,0
Randy Couture,Karina Smirnoff,Athlete,Sports,Washington,United States,51,46-55,19,Eliminated Week 3,11,3.0,,3.0,28.333333333333332,31.0,26.0,2.5166114784235836,,15,5.933333333333334,1
Victor Espinoza,Karina Smirnoff,Athlete,Sports,Unknown,Mexico,43,36-45,21,Eliminated Week 2,12,2.0,,2.0,16.75,18.5,15.0,2.4748737341529163,,16,6.25,0
Doug Flutie,Karina Smirnoff,Athlete,Sports,Maryland,United States,53,46-55,22,Eliminated Week 6,9,6.0,,6.0,21.333333333333332,28.0,15.0,4.366539438350084,6.0,17,6.588235294117647,1
Lolo Jones,Keo Motsepe,Athlete,Sports,Iowa,United States,32,26-35,19,Eliminated Week 1,13,1.0,,1.0,22.0,22.0,22.0,,,0,6.814726840855107,1
Charlotte McKinney,Keo Motsepe,Model,Model,Florida,United States,21,≤25,20,Eliminated Week 3,11,3.0,,3.0,23.333333333333332,26.0,22.0,2.3094010767585034,,1,13.0,1
Chaka Khan,Keo Motsepe,Singer/Rapper,Entertainment,Illinois,United States,62,>55,21,Eliminated Week 2,13,2.0,,2.0,14.0,15.0,13.0,1.4142135623730951,,2,12.0,1
Jodie Sweetin,Keo Motsepe,Actor/Actress,Entertainment,California,United States,34,26-35,22,Eliminated Week 8,6,8.0,,8.0,25.8125,35.0,20.0,4.91308384389508,5.5,3,12.333333333333334,1
Charo,Keo Motsepe,Actor/Actress,Entertainment,Unknown,Spain,66,>55,24,Eliminated Week 3,11,3.0,,3.0,23.333333333333332,25.0,21.0,2.081665999466133,,4,10.75,0
Barbara Corcoran,Keo Motsepe,Entrepreneur,Other,New Jersey,United States,68,>55,25,Eliminated Week 2,13,2.0,,2.0,15.5,17.0,14.0,2.1213203435596424,,5,10.8,1
Jennie Finch Daigle,Keo Motsepe,Athlete,Sports,California,United States,37,36-45,26,Eliminated Week 3,6,3.0,,3.0,27.166666666666668,31.5,21.0,5.484827557301444,,6,11.166666666666666,1
Evanna Lynch,Keo Motsepe,Actor/Actress,Entertainment,Unknown,Ireland,27,26-35,27,3rd Place,3,,3.0,9.0,26.055555555555557,30.0,18.0,3.9246372797722056,6.5,7,10.428571428571429,0
Anne Heche,Keo Motsepe,Actor/Actress,Entertainment,Ohio,United States,51,46-55,29,Eliminated Week 4,13,4.0,,4.0,18.0,21.0,15.0,2.449489742783178,1.0,8,9.5,1
Vinny Guadagnino,Koko Iwasaki,TV Personality,Media,New York,United States,34,26-35,31,Eliminated Week 8,7,8.0,,8.0,26.9375,31.5,17.0,4.799088455113116,7.166666666666668,0,6.814726840855107,1
Matt Walsh,Koko Iwasaki,Comedian,Entertainment,Illinois,United States,58,>55,32,Eliminated Week 1,14,1.0,,1.0,12.0,12.0,12.0,,,1,7.0,1
Mr. T,Kym Herjavec,Actor/Actress,Entertainment,Illinois,United States,64,>55,24,Eliminated Week 4,10,4.0,,4.0,23.5,28.0,20.0,3.415650255319866,2.666666666666668,0,6.814726840855107,1
Jerry Springer,Kym Johnson,TV Personality,Media,Unknown,England,62,>55,3,Eliminated Week 7,5,7.0,,7.0,20.428571428571427,24.0,16.0,2.8784916685156974,3.0,0,6.814726840855107,0
Joey Fatone,Kym Johnson,Singer/Rapper,Entertainment,New York,United States,30,26-35,4,2nd Place,2,,2.0,10.0,26.76665,30.0,24.0,2.350713840162884,4.722166666666666,1,5.0,1
Mark Cuban,Kym Johnson,TV Personality,Media,Pennsylvania,United States,49,46-55,5,Eliminated Week 5,8,5.0,,5.0,20.4,22.0,18.0,1.5165750888103102,1.3333333333333321,2,3.5,1
Penn Jillette,Kym Johnson,Magician,Entertainment,Massachusetts,United States,53,46-55,6,Eliminated Week 2,12,2.0,,2.0,16.5,17.0,16.0,0.7071067811865476,,3,5.0,1
Warren Sapp,Kym Johnson,Athlete,Sports,Florida,United States,35,26-35,7,2nd Place,2,,2.0,10.0,24.25,27.5,21.0,2.188987589427283,2.833333333333332,4,6.75,1
David Alan Grier,Kym Johnson,Actor/Actress,Entertainment,Michigan,United States,52,46-55,8,Eliminated Week 5,9,5.0,,5.0,20.8,24.0,17.0,2.7748873851023212,2.666666666666668,5,5.8,1
Donny Osmond,Kym Johnson,Singer/Rapper,Entertainment,Utah,United States,51,46-55,9,1st Place,1,,1.0,10.0,26.46662,30.999899999999997,21.0,3.1552005285102096,0.8888333333333378,6,6.333333333333333,1
David Hasselhoff,Kym Johnson,Actor/Actress,Entertainment,Maryland,United States,58,>55,11,Eliminated Week 1,12,1.0,,1.0,15.0,15.0,15.0,,,7,5.571428571428571,1
Hines Ward,Kym Johnson,Athlete,Sports,Unknown,South Korea,35,26-35,12,1st Place,1,,1.0,10.0,26.76666,33.0,21.0,3.520831341285433,5.888866666666669,8,6.375,0
David Arquette,Kym Johnson,Actor/Actress,Entertainment,Virginia,United States,40,36-45,13,Eliminated Week 7,6,7.0,,7.0,22.071428571428573,25.0,18.0,2.8639799148005474,3.833333333333332,9,5.777777777777778,1
Jaleel White,Kym Johnson,Actor/Actress,Entertainment,California,United States,35,26-35,14,Eliminated Week 7,7,7.0,,7.0,25.928542857142855,36.9998,22.0,5.135008230716267,4.499933333333331,10,5.8,1
Joey Fatone,Kym Johnson,Singer/Rapper,Entertainment,New York,United States,35,26-35,15,Eliminated Week 2,12,2.0,,2.0,21.5,22.5,20.5,1.4142135623730951,,11,5.909090909090909,1
Ingo Rademacher,Kym Johnson,Actor/Actress,Entertainment,Unknown,Germany,41,36-45,16,Eliminated Week 9,5,9.0,,9.0,22.5,25.5,20.0,2.091650066335189,4.5,12,6.416666666666667,0
Robert Herjavec,Kym Johnson,Entrepreneur,Other,Unknown,Croatia,52,46-55,20,Eliminated Week 8,6,8.0,,8.0,29.8125,34.0,24.0,3.272586351583626,3.5,13,6.3076923076923075,0
Lance Bass,Lacey Schwimmer,Singer/Rapper,Entertainment,Mississippi,United States,29,26-35,7,3rd Place,3,,3.0,10.0,24.35,28.5,20.0,3.009706519468856,5.833333333333332,0,6.814726840855107,1
Steve-O,Lacey Schwimmer,TV Personality,Media,Unknown,England,34,26-35,8,Eliminated Week 6,8,6.0,,6.0,15.833333333333334,18.0,14.0,1.4719601443879746,0.9999999999999982,1,3.0,0
Mark Dacascos,Lacey Schwimmer,Actor/Actress,Entertainment,Hawaii,United States,45,36-45,9,Eliminated Week 7,6,7.0,,7.0,24.214257142857143,32.0,18.0,4.965324044093914,3.833400000000001,2,5.5,1
Kyle Massey,Lacey Schwimmer,Actor/Actress,Entertainment,Georgia,United States,19,≤25,11,2nd Place,2,,2.0,10.0,25.58331,33.5,20.0,4.610258087364644,5.444400000000002,3,5.666666666666667,1
Mike Catherwood,Lacey Schwimmer,Radio Personality,Media,California,United States,32,26-35,12,Eliminated Week 2,11,2.0,,2.0,15.0,17.0,13.0,2.8284271247461903,,4,4.75,1
Chaz Bono,Lacey Schwimmer,TV Personality,Media,California,United States,42,36-45,13,Eliminated Week 6,7,6.0,,6.0,18.833333333333332,21.0,17.0,1.8348478592697182,3.0,5,6.0,1
Victor Ortiz,Lindsay Arnold,Athlete,Sports,Kansas,United States,26,26-35,16,Eliminated Week 6,8,6.0,,6.0,19.666666666666668,23.0,18.0,2.0655911179772892,0.0,0,6.814726840855107,1
Alek Skarlatos,Lindsay Arnold,Military,Other,California,United States,22,≤25,21,3rd Place,3,,3.0,11.0,26.727263636363638,33.0,22.0,3.349351633457654,1.4999666666666656,1,8.0,1
Wanya Morris,Lindsay Arnold,Singer/Rapper,Entertainment,Pennsylvania,United States,42,36-45,22,Eliminated Week 9,4,9.0,,9.0,27.5,35.0,23.0,3.905124837953327,3.833333333333332,2,5.5,1
Calvin Johnson Jr.,Lindsay Arnold,Athlete,Sports,Georgia,United States,30,26-35,23,3rd Place,3,,3.0,11.0,30.939372727272726,38.3331,23.0,5.654501952266161,5.777699999999999,3,5.0,1
David Ross,Lindsay Arnold,Athlete,Sports,Georgia,United States,40,36-45,24,2nd Place,2,,2.0,10.0,31.28333,36.3333,27.0,2.9038543352088295,5.944433333333333,4,4.5,1
Jordan Fisher,Lindsay Arnold,Actor/Actress,Entertainment,Alabama,United States,23,≤25,25,1st Place,1,,1.0,10.0,29.5,40.0,22.0,5.9113826169894,9.333333333333332,5,4.0,1
Kareem Abdul-Jabbar,Lindsay Arnold,Athlete,Sports,New York,United States,71,>55,26,Eliminated Week 2,8,2.0,,2.0,23.25,29.5,17.0,8.838834764831844,,6,3.5,1
DeMarcus Ware,Lindsay Arnold,Athlete,Sports,Alabama,United States,36,36-45,27,Eliminated Week 7,7,7.0,,7.0,24.714285714285715,26.5,22.0,1.8224786888818676,2.0,7,4.142857142857143,1
Sean Spicer,Lindsay Arnold,Politician,Other,New York,United States,48,46-55,28,Eliminated Week 9,6,9.0,,9.0,18.88888888888889,25.0,12.0,3.919325338768283,7.666666666666666,8,4.5,1
Matt James,Lindsay Arnold,Athlete,Sports,North Carolina,United States,29,26-35,30,Eliminated Week 4,12,4.0,,4.0,23.625,28.5,20.0,3.637192140465866,1.5,9,4.666666666666667,1
Trista Sutter,Louis van Amstel,TV Personality,Media,Indiana,United States,32,26-35,1,Eliminated Week 2,6,2.0,,2.0,18.5,19.0,18.0,0.7071067811865476,,0,6.814726840855107,1
Lisa Rinna,Louis van Amstel,Actor/Actress,Entertainment,California,United States,42,36-45,2,Eliminated Week 7,4,7.0,,7.0,24.071428571428573,27.0,19.0,3.2201005603936688,4.833333333333336,1,6.0,1
Monique Coleman,Louis van Amstel,Actor/Actress,Entertainment,South Carolina,United States,25,≤25,3,Eliminated Week 8,4,8.0,,8.0,24.9375,27.0,19.0,2.8339460121886586,1.5,2,5.0,1
Priscilla Presley,Louis van Amstel,Actor/Actress,Entertainment,New York,United States,62,>55,6,Eliminated Week 5,8,5.0,,5.0,22.8,26.0,21.0,2.16794833886788,-0.6666666666666679,3,4.666666666666667,1
Kelly Osbourne,Louis van Amstel,TV Personality,Media,Unknown,England,24,≤25,9,3rd Place,3,,3.0,10.0,24.472159999999995,30.9998,19.0,3.3584126922633493,2.2407333333333384,4,5.5,0
Niecy Nash,Louis van Amstel,Actor/Actress,Entertainment,California,United States,40,36-45,10,Eliminated Week 8,5,8.0,,8.0,20.999975,25.9998,18.0,3.0354571327890634,3.999933333333331,5,5.0,1
Margaret Cho,Louis van Amstel,Comedian,Entertainment,California,United States,41,36-45,11,Eliminated Week 3,10,3.0,,3.0,17.0,18.0,15.0,1.7320508075688772,,6,5.0,1
Kendra Wilkinson,Louis van Amstel,TV Personality,Media,California,United States,25,≤25,12,Eliminated Week 7,6,7.0,,7.0,22.214285714285715,30.5,18.0,4.52637771712605,5.833333333333332,7,5.714285714285714,1
Sabrina Bryan,Louis van Amstel,Actor/Actress,Entertainment,California,United States,28,26-35,15,Eliminated Week 6,8,6.0,,6.0,28.125,35.5,22.5,4.521476528745892,6.916666666666664,8,5.75,1
Paula Deen,Louis van Amstel,TV Personality,Media,Georgia,United States,68,>55,21,Eliminated Week 6,9,6.0,,6.0,20.25,26.0,15.0,4.071240597164456,4.833333333333336,9,6.0,1
Cheryl Ladd,Louis van Amstel,Actor/Actress,Entertainment,South Dakota,United States,71,>55,31,Eliminated Week 3,14,3.0,,3.0,22.0,24.0,21.0,1.7320508075688772,,10,6.3,1
Tia Carrere,Maksim Chmerkoskiy,Actor/Actress,Entertainment,Hawaii,United States,39,36-45,2,Eliminated Week 5,6,5.0,,5.0,23.0,26.0,20.0,2.449489742783178,1.6666666666666643,0,6.814726840855107,1
Willa Ford,Maksim Chmerkoskiy,Singer/Rapper,Entertainment,Florida,United States,25,≤25,3,Eliminated Week 5,7,5.0,,5.0,24.4,28.0,22.0,2.8809720581775866,3.3333333333333357,1,6.0,1
Laila Ali,Maksim Chmerkoskiy,Athlete,Sports,Florida,United States,29,26-35,4,3rd Place,3,,3.0,10.0,26.233320000000003,30.0,21.0,3.3565762982870244,4.611066666666666,2,6.5,1
Mel B,Maksim Chmerkoskiy,Singer/Rapper,Entertainment,Unknown,England,32,26-35,5,2nd Place,2,,2.0,10.0,27.23332,30.0,23.0,2.362509024462482,4.111066666666666,3,5.333333333333333,0
Misty May-Treanor,Maksim Chmerkoskiy,Athlete,Sports,California,United States,31,26-35,7,Withdrew,10,-1.0,,2.0,21.0,21.0,21.0,0.0,,4,4.5,1
Denise Richards,Maksim Chmerkoskiy,Actor/Actress,Entertainment,Illinois,United States,38,36-45,8,Eliminated Week 3,12,3.0,,3.0,18.333333333333332,21.0,16.0,2.5166114784235836,,5,5.6,1
Debi Mazar,Maksim Chmerkoskiy,Actor/Actress,Entertainment,New York,United States,45,36-45,9,Eliminated Week 3,12,3.0,,3.0,20.0,22.0,17.0,2.6457513110645907,,6,6.666666666666667,1
Erin Andrews,Maksim Chmerkoskiy,Sports Broadcaster,Media,Maine,United States,32,26-35,10,3rd Place,3,,3.0,10.0,24.94998,34.0,19.5,4.2127343988330335,4.833266666666667,7,7.428571428571429,1
Brandy,Maksim Chmerkoskiy,Singer/Rapper,Entertainment,Mississippi,United States,31,26-35,11,Eliminated Week 9,4,9.0,,9.0,27.6111,36.5,21.0,5.504398367669258,8.5,8,6.875,1
Kirstie Alley,Maksim Chmerkoskiy,Actor/Actress,Entertainment,Kansas,United States,60,>55,12,2nd Place,2,,2.0,10.0,24.64999,30.0,20.0,3.300241237125283,5.833300000000001,9,6.555555555555555,1
Hope Solo,Maksim Chmerkoskiy,Athlete,Sports,Washington,United States,30,26-35,13,Eliminated Week 9,4,9.0,,9.0,23.055533333333333,26.0,19.0,2.4295484271773637,3.833266666666667,10,6.1,1
Melissa Gilbert,Maksim Chmerkoskiy,Actor/Actress,Entertainment,California,United States,47,46-55,14,Eliminated Week 8,5,8.0,,8.0,23.25,30.0,20.0,3.359421718944242,5.0,11,5.909090909090909,1
Kirstie Alley,Maksim Chmerkoskiy,Actor/Actress,Entertainment,Kansas,United States,61,>55,15,Eliminated Week 8,7,8.0,,8.0,25.1562375,30.0,19.0,3.6813549283372358,5.666633333333333,12,5.833333333333333,1
Meryl Davis,Maksim Chmerkoskiy,Athlete,Sports,Michigan,United States,27,26-35,18,1st Place,1,,1.0,10.0,34.8,40.0,24.0,6.196773353931867,6.0000000000000036,13,5.923076923076923,1
Amber Rose,Maksim Chmerkoskiy,Model,Model,Pennsylvania,United States,32,26-35,23,Eliminated Week 6,9,6.0,,6.0,24.833333333333332,28.0,24.0,1.6020819787597222,1.0,14,5.571428571428571,1
Heather Morris,Maksim Chmerkoskiy,Actor/Actress,Entertainment,California,United States,30,26-35,24,Eliminated Week 6,8,6.0,,6.0,32.833333333333336,37.0,28.0,3.3115957885386114,5.0000000000000036,15,5.8,1
Vanessa Lachey,Maksim Chmerkoskiy,TV Personality,Media,Unknown,Philippines,36,36-45,25,Eliminated Week 7,7,7.0,,7.0,25.5,36.0,21.0,4.958158260214505,6.5,16,5.9375,0
Sabrina Bryan,Mark Ballas,Actor/Actress,Entertainment,California,United States,23,≤25,5,Eliminated Week 6,7,6.0,,6.0,27.0,30.0,25.0,1.7888543819998317,1.3333333333333357,0,6.814726840855107,1
Kristi Yamaguchi,Mark Ballas,Athlete,Sports,California,United States,36,36-45,6,1st Place,1,,1.0,10.0,28.2,30.0,27.0,1.2516655570345725,1.6666666666666679,1,7.0,1
Kim Kardashian,Mark Ballas,TV Personality,Media,California,United States,27,26-35,7,Eliminated Week 2,11,2.0,,2.0,17.75,18.5,17.0,1.0606601717798212,,2,4.0,1
Shawn Johnson,Mark Ballas,Athlete,Sports,Iowa,United States,17,≤25,8,1st Place,1,,1.0,11.0,26.454545454545453,30.0,23.0,2.018099916438052,4.0,3,6.333333333333333,1
Melissa Joan Hart,Mark Ballas,Actor/Actress,Entertainment,New York,United States,33,26-35,9,Eliminated Week 6,9,6.0,,6.0,22.833316666666665,28.0,19.0,3.4302507199425913,4.333299999999998,4,5.0,1
Shannen Doherty,Mark Ballas,Actor/Actress,Entertainment,Tennessee,United States,38,36-45,10,Eliminated Week 2,11,2.0,,2.0,19.0,20.0,18.0,1.4142135623730951,,5,5.8,1
Bristol Palin,Mark Ballas,TV Personality,Media,Alaska,United States,19,≤25,11,3rd Place,3,,3.0,10.0,22.91664,32.5,16.0,5.278775812460899,5.555533333333333,6,6.666666666666667,1
Chelsea Kane,Mark Ballas,Actor/Actress,Entertainment,Arizona,United States,22,≤25,12,3rd Place,3,,3.0,10.0,26.76666,36.5,18.0,5.354813826040599,10.555533333333333,7,6.142857142857143,1
Kristin Cavallari,Mark Ballas,TV Personality,Media,Colorado,United States,24,≤25,13,Eliminated Week 3,10,3.0,,3.0,21.666666666666668,24.0,19.0,2.5166114784235836,,8,5.75,1
Katherine Jenkins,Mark Ballas,Singer/Rapper,Entertainment,Unknown,Wales,31,26-35,14,2nd Place,2,,2.0,10.0,28.54999,38.9999,24.0,4.071894317677378,1.5,9,6.222222222222222,0
Bristol Palin,Mark Ballas,TV Personality,Media,Alaska,United States,21,≤25,15,Eliminated Week 4,9,4.0,,4.0,23.0,32.0,18.0,6.284902544988268,4.166666666666668,10,5.8,1
Alexandra Raisman,Mark Ballas,Athlete,Sports,Massachusetts,United States,18,≤25,16,Eliminated Week 10,4,10.0,,10.0,26.45,32.0,21.0,3.320391543176798,6.166666666666664,11,6.090909090909091,1
Christina Milian,Mark Ballas,Singer/Rapper,Entertainment,New Jersey,United States,31,26-35,17,Eliminated Week 5,9,5.0,,5.0,25.0,28.0,22.0,2.23606797749979,1.6666666666666679,12,5.916666666666667,1
Candace Cameron Bure,Mark Ballas,Actor/Actress,Entertainment,California,United States,37,36-45,18,3rd Place,3,,3.0,10.0,30.799979999999998,37.0,21.0,5.513638847198222,6.666599999999995,13,6.153846153846154,1
Sadie Robertson,Mark Ballas,TV Personality,Media,Louisiana,United States,17,≤25,19,2nd Place,2,,2.0,11.0,35.16665454545455,39.333200000000005,31.0,2.8411460914087603,5.27773333333333,14,5.928571428571429,1
Willow Shields,Mark Ballas,Actor/Actress,Entertainment,New Mexico,United States,14,≤25,20,Eliminated Week 7,7,7.0,,7.0,33.92857142857143,39.0,25.0,4.919591543246344,6.833333333333332,15,5.666666666666667,1
Alexa PenaVega,Mark Ballas,Actor/Actress,Entertainment,Florida,United States,27,26-35,21,Eliminated Week 9,6,9.0,,9.0,28.499977777777776,40.0,21.0,6.3737802758209705,1.166599999999999,16,5.75,1
Paige VanZant,Mark Ballas,Athlete,Sports,Oregon,United States,22,≤25,22,2nd Place,2,,2.0,10.0,27.76666,36.0,21.0,4.317060213772021,6.388866666666665,17,5.764705882352941,1
Lindsey Stirling,Mark Ballas,Musician,Entertainment,California,United States,31,26-35,25,2nd Place,2,,2.0,10.0,28.65,40.0,22.0,6.346696428501646,8.0,18,5.555555555555555,1
Charli D'Amelio,Mark Ballas,Social Media Personality,Media,Connecticut,United States,18,≤25,31,1st Place,1,,1.0,10.0,37.9,45.0,32.0,4.458450154232722,9.333333333333329,19,5.368421052631579,1
Whitney Leavitt,Mark Ballas,TV Personality,Media,Utah,United States,32,26-35,34,Eliminated Week 10,6,10.0,,10.0,31.05,42.0,15.0,9.476432755936052,16.500000000000004,20,5.15,1
Tatum O'Neal,Nick Kosovich,Actor/Actress,Entertainment,California,United States,42,36-45,2,Eliminated Week 2,9,2.0,,2.0,20.0,23.0,17.0,4.242640687119285,,0,6.814726840855107,1
Vivica A. Fox,Nick Kosovich,Actor/Actress,Entertainment,Indiana,United States,42,36-45,3,Eliminated Week 4,8,4.0,,4.0,24.25,27.0,22.0,2.0615528128088303,0.6666666666666679,1,9.0,1
Kate Flannery,Pasha Pashkov,Actor/Actress,Entertainment,Pennsylvania,United States,55,46-55,28,Eliminated Week 8,7,8.0,,8.0,23.374975,27.0,15.0,3.852159877170951,5.666599999999999,0,6.814726840855107,1
Carole Baskin,Pasha Pashkov,TV Personality,Media,Texas,United States,59,>55,29,Eliminated Week 3,14,3.0,,3.0,13.0,16.0,11.0,2.6457513110645907,,1,7.0,1
Christine Chiu,Pasha Pashkov,TV Personality,Media,Unknown,Taiwan China,38,36-45,30,Eliminated Week 3,14,3.0,,3.0,23.333333333333332,25.0,21.0,2.081665999466133,,2,10.5,0
Teresa Giudice,Pasha Pashkov,TV Personality,Media,New Jersey,United States,50,46-55,31,Eliminated Week 2,15,2.0,,2.0,21.5,23.0,20.0,2.1213203435596424,,3,11.666666666666666,1
Ariana Madix,Pasha Pashkov,TV Personality,Media,Florida,United States,38,36-45,32,3rd Place,3,,3.0,11.0,30.863636363636363,42.0,20.0,7.836105247796603,6.833333333333332,4,12.5,1
Tori Spelling,Pasha Pashkov,Actor/Actress,Entertainment,California,United States,51,46-55,33,Eliminated Week 2,12,2.0,,2.0,18.0,19.0,17.0,1.4142135623730951,,5,10.6,1
Danielle Fishel,Pasha Pashkov,Actor/Actress,Entertainment,California,United States,44,36-45,34,Eliminated Week 8,8,8.0,,8.0,26.25,37.0,12.0,9.300537618869138,18.666666666666668,6,10.833333333333334,1
Metta World Peace (Ron),Peta Murgatroyd,Athlete,Sports,New York,United States,31,26-35,13,Eliminated Week 1,12,1.0,,1.0,14.0,14.0,14.0,,,0,6.814726840855107,1
Donald Driver,Peta Murgatroyd,Athlete,Sports,Texas,United States,37,36-45,14,1st Place,1,,1.0,10.0,27.11665,33.9999,21.0,3.411146489329748,4.888866666666665,1,12.0,1
Gilles Marini,Peta Murgatroyd,Actor/Actress,Entertainment,Unknown,France,36,36-45,15,Eliminated Week 8,6,8.0,,8.0,29.1284375,39.5,24.0,5.109596682416752,5.092500000000001,2,6.5,0
Sean Lowe,Peta Murgatroyd,TV Personality,Media,Texas,United States,29,26-35,16,Eliminated Week 8,6,8.0,,8.0,21.5,24.0,19.0,1.927248223318863,2.666666666666668,3,6.333333333333333,1
Brant Daugherty,Peta Murgatroyd,Actor/Actress,Entertainment,Ohio,United States,28,26-35,17,Eliminated Week 8,7,8.0,,8.0,25.8125,31.0,21.0,3.463457191057183,4.833333333333332,4,6.25,1
James Maslow,Peta Murgatroyd,Actor/Actress,Entertainment,New York,United States,23,≤25,18,Eliminated Week 10,4,10.0,,10.0,33.0,40.0,21.0,6.036923425424944,7.0000000000000036,5,6.4,1
Tommy Chong,Peta Murgatroyd,Comedian,Entertainment,Unknown,Canada,76,>55,19,Eliminated Week 10,5,10.0,,10.0,28.65,34.0,23.0,2.8289181285038594,-0.16666666666666785,6,6.0,0
Michael Sam,Peta Murgatroyd,Athlete,Sports,Texas,United States,25,≤25,20,Eliminated Week 4,10,4.0,,4.0,27.0,30.0,24.0,2.581988897471611,1.3333333333333321,7,5.857142857142857,1
Nyle DiMarco,Peta Murgatroyd,Model,Model,New York,United States,26,26-35,22,1st Place,1,,1.0,10.0,27.84998,37.0,20.0,5.0113708485580855,6.166599999999995,8,6.375,1
Nick Viall,Peta Murgatroyd,TV Personality,Media,Wisconsin,United States,36,36-45,24,Eliminated Week 7,6,7.0,,7.0,29.071428571428573,34.0,24.0,4.147575310031266,7.833333333333336,9,5.777777777777778,1
Nick Lachey,Peta Murgatroyd,Singer/Rapper,Entertainment,Kentucky,United States,43,36-45,25,Eliminated Week 6,9,6.0,,6.0,21.333333333333332,26.0,18.0,2.8047578623950176,4.0,10,5.8,1
Lamar Odom,Peta Murgatroyd,Athlete,Sports,New York,United States,39,36-45,28,Eliminated Week 4,10,4.0,,4.0,13.75,20.0,11.0,4.193248541803041,3.0,11,6.090909090909091,1
Veron Davis,Peta Murgatroyd,Athlete,Sports,Washington D.C.,United States,36,36-45,29,Eliminated Week 6,11,6.0,,6.0,20.166666666666668,22.0,17.0,2.136976056643281,2.333333333333332,12,6.416666666666667,1
Jason Lewis,Peta Murgatroyd,Actor/Actress,Entertainment,California,United States,51,46-55,31,Eliminated Week 1,16,1.0,,1.0,18.0,18.0,18.0,,,13,6.769230769230769,1
Barry Williams,Peta Murgatroyd,Actor/Actress,Entertainment,California,United States,68,>55,32,Eliminated Week 8,7,8.0,,8.0,24.6875,35.0,15.0,7.887320294534224,14.499999999999996,14,7.428571428571429,1
Harry Jowsey,Rylee Arnold,TV Personality,Media,Unknown,Australia,26,26-35,32,Eliminated Week 9,6,9.0,,9.0,23.22222222222222,32.0,12.0,7.120003121097943,13.0,0,6.814726840855107,0
Stephen Nedoroscik,Rylee Arnold,Athlete,Sports,Florida,United States,26,26-35,33,4th Place,4,,4.0,9.0,26.88888888888889,33.0,21.0,4.021642837337884,3.0,1,6.0,1
Scott Hoying,Rylee Arnold,Singer/Rapper,Entertainment,California,United States,34,26-35,34,Eliminated Week 6,10,6.0,,6.0,21.5,30.0,10.0,7.20416546173115,9.666666666666664,2,5.0,1
"Nicole ""Snooki"" Polizzi",Sasha Farber,TV Personality,Media,Unknown,Chile,25,≤25,17,Eliminated Week 7,8,7.0,,7.0,25.142857142857142,30.0,20.0,3.236694374850748,5.333333333333332,0,6.814726840855107,0
Kim Fields,Sasha Farber,Actor/Actress,Entertainment,New York,United States,46,46-55,22,Eliminated Week 7,8,7.0,,7.0,24.428571428571427,32.0,19.0,4.613644360558612,5.666666666666668,1,8.0,1
Terra Jole,Sasha Farber,TV Personality,Media,Texas,United States,36,36-45,23,Eliminated Week 10,5,10.0,,10.0,29.45,38.0,24.0,4.437529342625992,2.0,2,8.0,1
Simone Biles,Sasha Farber,Athlete,Sports,Ohio,United States,20,≤25,24,Eliminated Week 9,4,9.0,,9.0,35.166666666666664,40.0,29.0,3.640054944640259,7.333333333333336,3,7.0,1
Tonya Harding,Sasha Farber,Athlete,Sports,Oregon,United States,47,46-55,26,3rd Place,3,,3.0,4.0,29.75,35.0,23.0,5.377421934967226,1.6666666666666679,4,6.25,1
Mary Lou Retton,Sasha Farber,Athlete,Sports,West Virginia,United States,50,46-55,27,Eliminated Week 6,9,6.0,,6.0,23.666666666666668,26.0,20.0,2.0655911179772892,2.666666666666668,5,5.6,1
Ally Brooke,Sasha Farber,Singer/Rapper,Entertainment,Texas,United States,26,26-35,28,3rd Place,3,,3.0,11.0,27.318181818181817,40.0,16.0,6.3256332776755535,13.166666666666664,6,6.166666666666667,1
Justina Machado,Sasha Farber,Actor/Actress,Entertainment,Illinois,United States,48,46-55,29,4th Place,4,,4.0,11.0,25.090872727272725,30.0,19.0,3.645643478205435,7.999933333333331,7,5.714285714285714,1
Suni Lee,Sasha Farber,Athlete,Sports,Minnesota,United States,18,≤25,30,Eliminated Week 9,5,9.0,,9.0,32.94444444444444,42.0,21.0,6.2771631950888285,12.166666666666668,8,5.5,1
Selma Blair,Sasha Farber,Actor/Actress,Entertainment,Michigan,United States,50,46-55,31,Withdrew,12,-1.0,,5.0,31.2,40.0,28.0,5.215361924162119,5.333333333333336,9,5.444444444444445,1
Alyson Hannigan,Sasha Farber,Actor/Actress,Entertainment,Washington D.C.,United States,49,46-55,32,5th Place,5,,5.0,11.0,25.545454545454547,36.0,13.0,7.424468147465331,9.333333333333332,10,6.1,1
Jenn Tran,Sasha Farber,TV Personality,Media,Florida,United States,26,26-35,33,Eliminated Week 6,7,6.0,,6.0,26.25,32.0,19.0,6.064239441183041,6.5,11,6.0,1
Andy Dick,Sharna Burgess,Comedian,Entertainment,South Carolina,United States,47,46-55,16,Eliminated Week 7,7,7.0,,7.0,18.928571428571427,21.5,17.0,1.8803495115840263,0.5,0,6.814726840855107,1
Keyshawn Johnson,Sharna Burgess,Athlete,Sports,California,United States,41,36-45,17,Eliminated Week 2,12,2.0,,2.0,17.5,18.0,17.0,0.7071067811865476,,1,7.0,1
Charlie White,Sharna Burgess,Athlete,Sports,Michigan,United States,26,26-35,18,Eliminated Week 9,5,9.0,,9.0,34.166666666666664,40.0,25.0,5.024937810560445,8.500000000000004,2,9.5,1
Tavis Smiley,Sharna Burgess,Radio Personality,Media,Mississippi,United States,50,46-55,19,Eliminated Week 2,12,2.0,,2.0,28.5,29.0,28.0,0.7071067811865476,,3,8.0,1
Noah Galloway,Sharna Burgess,Motivational Speaker,Other,Alabama,United States,33,26-35,20,3rd Place,3,,3.0,10.0,32.05,38.0,26.0,4.387165625118594,7.4999999999999964,4,9.0,1
Nick Carter,Sharna Burgess,Singer/Rapper,Entertainment,New York,United States,35,26-35,21,2nd Place,2,,2.0,11.0,29.818181818181817,39.0,22.5,5.25486787309028,0.6666666666666679,5,7.8,1
Antonio Brown,Sharna Burgess,Athlete,Sports,Florida,United States,27,26-35,22,Eliminated Week 9,5,9.0,,9.0,25.38888888888889,35.0,19.0,4.897561751638372,6.833333333333332,6,6.833333333333333,1
James Hinchcliffe,Sharna Burgess,Racing Driver,Sports,Unknown,Canada,29,26-35,23,2nd Place,2,,2.0,11.0,32.772690909090905,38.9998,28.0,4.227037218065283,5.166599999999999,7,6.571428571428571,0
Bonner Bolton,Sharna Burgess,Athlete,Sports,Texas,United States,29,26-35,24,Eliminated Week 8,5,8.0,,8.0,28.4375,32.0,22.0,3.6394416761758546,5.833333333333332,8,6.0,1
Derek Fisher,Sharna Burgess,Athlete,Sports,Arkansas,United States,43,36-45,25,Eliminated Week 4,11,4.0,,4.0,20.25,23.0,18.0,2.217355782608345,1.6666666666666679,9,5.888888888888889,1
Josh Norman,Sharna Burgess,Athlete,Sports,South Carolina,United States,30,26-35,26,2nd Place,2,,2.0,4.0,30.5,38.0,24.0,5.873670062235365,1.4999999999999964,10,6.4,1
Bobby Bones,Sharna Burgess,Radio Personality,Media,Arkansas,United States,38,36-45,27,1st Place,1,,1.0,9.0,22.38888888888889,27.0,19.5,2.7474735869724225,4.5,11,6.0,1
Jesse Metcalfe,Sharna Burgess,Actor/Actress,Entertainment,California,United States,41,36-45,29,Eliminated Week 5,12,5.0,,5.0,19.6,21.0,18.0,1.140175425099138,0.6666666666666679,12,5.583333333333333,1
Brian Austin Green,Sharna Burgess,Actor/Actress,Entertainment,California,United States,48,46-55,30,Eliminated Week 4,13,4.0,,4.0,23.0,26.0,19.0,2.943920288775949,0.6666666666666679,13,6.076923076923077,1
Stacy Keibler,Tony Dovolani,Athlete,Sports,Maryland,United States,26,26-35,2,3rd Place,3,,3.0,8.0,27.520812499999998,30.0,22.0,2.641894800780844,2.7221666666666664,0,6.814726840855107,1
Sara Evans,Tony Dovolani,Singer/Rapper,Entertainment,Missouri,United States,35,26-35,3,Withdrew,6,-1.0,,5.0,21.0,25.0,15.0,3.9370039370059056,2.666666666666668,1,3.0,1
Leeza Gibbons,Tony Dovolani,TV Personality,Media,South Carolina,United States,50,46-55,4,Eliminated Week 4,9,4.0,,4.0,19.0,24.0,15.0,4.242640687119285,0.33333333333333215,2,4.5,1
Jane Seymour,Tony Dovolani,Actor/Actress,Entertainment,Unknown,England,56,>55,5,Eliminated Week 7,6,7.0,,7.0,24.428571428571427,27.0,21.0,2.2253945610567474,0.33333333333333215,3,6.0,0
Marissa Jaret Winokur,Tony Dovolani,Actor/Actress,Entertainment,New York,United States,35,26-35,6,Eliminated Week 9,4,9.0,,9.0,23.22222222222222,26.0,18.0,3.1135902820449006,6.333333333333336,4,6.0,1
Susan Lucci,Tony Dovolani,Actor/Actress,Entertainment,New York,United States,61,>55,7,Eliminated Week 7,6,7.0,,7.0,21.928571428571427,24.0,18.5,1.966989481173608,2.833333333333332,5,5.6,1
Melissa Rycroft,Tony Dovolani,TV Personality,Media,Texas,United States,26,26-35,8,3rd Place,3,,3.0,11.0,26.681818181818183,29.0,23.0,2.2053653583105826,2.8333333333333357,6,5.666666666666667,1
Kathy Ireland,Tony Dovolani,Model,Model,California,United States,46,46-55,9,Eliminated Week 2,14,2.0,,2.0,18.99995,19.9999,18.0,1.4141428516949766,,7,5.285714285714286,1
Kate Gosselin,Tony Dovolani,TV Personality,Media,Pennsylvania,United States,35,26-35,10,Eliminated Week 5,8,5.0,,5.0,15.4,16.0,15.0,0.5477225575051662,0.0,8,6.375,1
Audrina Patridge,Tony Dovolani,TV Personality,Media,California,United States,25,≤25,11,Eliminated Week 6,7,6.0,,6.0,24.333299999999998,31.9998,19.0,4.36646920749477,3.3332666666666633,9,6.555555555555555,1
Wendy Williams,Tony Dovolani,TV Personality,Media,New Jersey,United States,46,46-55,12,Eliminated Week 3,10,3.0,,3.0,15.333333333333334,17.0,14.0,1.5275252316519468,,10,6.6,1
Chynna Phillips,Tony Dovolani,Singer/Rapper,Entertainment,California,United States,43,36-45,13,Eliminated Week 4,9,4.0,,4.0,22.5,26.0,21.0,2.3804761428476167,-0.33333333333333215,11,6.909090909090909,1
Martina Navratilova,Tony Dovolani,Athlete,Sports,Unknown,Czechoslovakia,55,46-55,14,Eliminated Week 2,12,2.0,,2.0,18.5,20.0,17.0,2.1213203435596424,,12,7.083333333333333,0
Melissa Rycroft,Tony Dovolani,TV Personality,Media,Texas,United States,29,26-35,15,1st Place,1,,1.0,10.0,29.33607,38.9999,21.0,5.406697929019769,5.536933333333334,13,7.461538461538462,1
Wynonna Judd,Tony Dovolani,Singer/Rapper,Entertainment,Kentucky,United States,48,46-55,16,Eliminated Week 3,11,3.0,,3.0,17.0,18.0,15.0,1.7320508075688772,,14,7.0,1
Leah Remini,Tony Dovolani,Actor/Actress,Entertainment,New York,United States,43,36-45,17,Eliminated Week 10,5,10.0,,10.0,25.699990000000003,32.5,21.0,3.3927953078545716,6.166666666666668,15,7.266666666666667,1
NeNe Leakes,Tony Dovolani,TV Personality,Media,New York,United States,46,46-55,18,Eliminated Week 7,7,7.0,,7.0,29.571428571428573,36.0,21.0,6.051367417290709,9.666666666666668,16,7.125,1
Betsey Johnson,Tony Dovolani,Fashion Designer,Other,Connecticut,United States,72,>55,19,Eliminated Week 4,10,4.0,,4.0,26.5,29.0,20.0,4.358898943540674,3.0,17,7.117647058823529,1
Suzanne Somers,Tony Dovolani,Actor/Actress,Entertainment,California,United States,68,>55,20,Eliminated Week 5,9,5.0,,5.0,26.8,28.0,25.0,1.6431676725154982,1.0,18,7.277777777777778,1
Kim Zolciak-Biermann,Tony Dovolani,TV Personality,Media,Florida,United States,37,36-45,21,Withdrew,11,-1.0,,2.0,15.25,18.5,12.0,4.596194077712559,,19,7.368421052631579,1
Marla Maples,Tony Dovolani,TV Personality,Media,Georgia,United States,52,46-55,22,Eliminated Week 4,10,4.0,,4.0,22.5,28.0,20.0,3.696845502136472,2.333333333333332,20,7.55,1
Nancy Grace,Tristan MacManus,TV Personality,Media,Georgia,United States,51,46-55,13,Eliminated Week 8,5,8.0,,8.0,21.125,24.0,16.0,2.295181287579947,3.3333333333333357,0,6.814726840855107,1
Gladys Knight,Tristan MacManus,Singer/Rapper,Entertainment,Georgia,United States,67,>55,14,Eliminated Week 6,8,6.0,,6.0,22.0,24.0,19.0,2.0976176963403033,0.0,1,5.0,1
Pamela Anderson,Tristan MacManus,Model,Model,Unknown,Canada,45,36-45,15,Eliminated Week 1,13,1.0,,1.0,17.0,17.0,17.0,,,2,6.5,0
Dorothy Hamill,Tristan MacManus,Athlete,Sports,Illinois,United States,56,>55,16,Withdrew,12,-1.0,,2.0,18.0,21.0,15.0,4.242640687119285,,3,8.666666666666666,1
Valerie Harper,Tristan MacManus,Actor/Actress,Entertainment,New York,United States,74,>55,17,Eliminated Week 4,10,4.0,,4.0,18.5,21.0,16.0,2.0816659994661326,-1.0,4,9.5,1
Bill Nye,Tyne Stecklein,TV Personality,Media,Washington D.C.,United States,57,>55,17,Eliminated Week 3,11,3.0,,3.0,15.666666666666666,17.0,14.0,1.5275252316519468,,0,6.814726840855107,1
Phaedra Parks,Val Chmerkovskiy,TV Personality,Media,Georgia,United States,51,46-55,33,Eliminated Week 5,8,5.0,,5.0,24.8,32.0,19.0,5.263078946776307,5.333333333333332,0,6.814726840855107,1
Alix Earle,Val Chmerkovskiy (Joey Graziadei week 9),Social Media Personality,Media,Florida,United States,24,≤25,34,2nd Place,2,,2.0,11.0,30.136363636363637,43.0,13.0,9.203507236621562,14.0,0,6.814726840855107,1
Elisabetta Canalis,Valentin Chmerkovskiy,Actor/Actress,Entertainment,Unknown,Italy,33,26-35,13,Eliminated Week 2,11,2.0,,2.0,18.0,21.0,15.0,4.242640687119285,,0,6.814726840855107,0
Sherri Sheperd,Valentin Chmerkovskiy,Actor/Actress,Entertainment,Illinois,United States,44,36-45,14,Eliminated Week 4,10,4.0,,4.0,22.75,24.0,21.0,1.2583057392117916,-0.6666666666666643,1,11.0,1
Kelly Monaco,Valentin Chmerkovskiy,Actor/Actress,Entertainment,Pennsylvania,United States,36,36-45,15,3rd Place,3,,3.0,10.0,28.13052,37.5,21.5,5.180386665062325,4.685066666666668,2,10.5,1
Zendaya,Valentin Chmerkovskiy,Actor/Actress,Entertainment,California,United States,16,≤25,16,2nd Place,2,,2.0,10.0,27.299979999999998,30.0,24.0,2.097631469485948,3.500066666666669,3,8.0,1
Elizabeth Berkley Lauren,Valentin Chmerkovskiy,Actor/Actress,Entertainment,Michigan,United States,39,36-45,17,Eliminated Week 9,6,9.0,,9.0,26.555533333333333,31.9998,24.0,2.4036442249218166,2.0,4,6.5,1
Danica McKellar,Valentin Chmerkovskiy,Actor/Actress,Entertainment,California,United States,39,36-45,18,Eliminated Week 8,6,8.0,,8.0,33.125,39.0,24.0,5.986592162013855,8.666666666666664,5,6.4,1
Janel Parrish,Valentin Chmerkovskiy,Actor/Actress,Entertainment,Hawaii,United States,25,≤25,19,3rd Place,3,,3.0,11.0,36.1818,43.0,29.0,4.07596904306203,4.499933333333331,6,6.333333333333333,1
Rumer Willis,Valentin Chmerkovskiy,Actor/Actress,Entertainment,Kentucky,United States,26,26-35,20,1st Place,1,,1.0,10.0,36.25,40.0,32.0,3.2080627591533597,7.333333333333329,7,5.857142857142857,1
Tamar Braxton,Valentin Chmerkovskiy,Singer/Rapper,Entertainment,Maryland,United States,38,36-45,21,Withdrew,5,-1.0,,9.0,28.444444444444443,40.0,23.0,5.240732561176708,-0.33333333333333215,8,5.25,1
Ginger Zee,Valentin Chmerkovskiy,News Anchor,Media,California,United States,35,26-35,22,3rd Place,3,,3.0,10.0,27.083319999999997,36.0,21.0,4.887148680365679,7.111066666666666,9,5.222222222222222,1
Laurie Hernandez,Valentin Chmerkovskiy,Athlete,Sports,New Jersey,United States,16,≤25,23,1st Place,1,,1.0,11.0,32.98483636363637,40.0,25.0,4.453727573005051,5.1110666666666695,10,5.0,1
Normani,Valentin Chmerkovskiy,Singer/Rapper,Entertainment,Georgia,United States,20,≤25,24,3rd Place,3,,3.0,10.0,35.883320000000005,42.0,27.0,4.585291460698606,7.944400000000002,11,4.636363636363637,1
Victoria Arlen,Valentin Chmerkovskiy,Athlete,Sports,New Hamshire,United States,22,≤25,25,Eliminated Week 9,5,9.0,,9.0,25.38888888888889,31.0,19.0,3.8550111687401256,5.833333333333332,12,4.5,1
Nancy McKeon,Valentin Chmerkovskiy,Actor/Actress,Entertainment,New York,United States,52,46-55,27,Eliminated Week 3,11,3.0,,3.0,20.666666666666668,22.0,19.5,1.2583057392117916,,13,4.538461538461538,1
Sailor Brinkley-Cook,Valentin Chmerkovskiy,Model,Model,New York,United States,21,≤25,28,Eliminated Week 6,9,6.0,,6.0,23.5,31.0,18.0,5.089204259999788,7.666666666666664,14,5.0,1
Monica Aldama,Valentin Chmerkovskiy,TV Personality,Media,Alabama,United States,48,46-55,29,Eliminated Week 7,10,7.0,,7.0,22.142857142857142,27.0,16.0,3.8913824205360674,6.333333333333332,15,5.266666666666667,1
Olivia Jade,Valentin Chmerkovskiy,Social Media Personality,Media,California,United States,21,≤25,30,Eliminated Week 8,8,8.0,,8.0,32.625,42.0,24.0,6.4572771793867245,12.666666666666668,16,5.5625,1
Gabby Windey,Valentin Chmerkovskiy,TV Personality,Media,Illinois,United States,31,26-35,31,2nd Place,2,,2.0,10.0,36.25,41.0,28.0,4.250816914952283,9.0,17,5.705882352941177,1
Xochitl Gomez,Valentin Chmerkovskiy,Actor/Actress,Entertainment,California,United States,17,≤25,32,1st Place,1,,1.0,11.0,31.727272727272727,42.0,18.0,7.603826787755086,8.999999999999996,18,5.5,1
Cody Simpson,Witney Carson,Singer/Rapper,Entertainment,Unknown,Australia,17,≤25,18,Eliminated Week 5,9,5.0,,5.0,28.8,35.0,22.0,6.379655163094632,7.0000000000000036,0,6.814726840855107,0
Alfonso Ribeiro,Witney Carson,Actor/Actress,Entertainment,New York,United States,42,36-45,19,1st Place,1,,1.0,11.0,36.72727272727273,41.0,32.0,3.2966925574250654,5.333333333333329,1,9.0,1
Chris Soules,Witney Carson,TV Personality,Media,Iowa,United States,33,26-35,20,Eliminated Week 8,5,8.0,,8.0,28.375,35.0,21.0,4.274091382136927,7.666666666666664,2,5.0,1
Carlos PenaVega,Witney Carson,Actor/Actress,Entertainment,Missouri,United States,26,26-35,21,Eliminated Week 11,4,11.0,,11.0,29.454527272727272,39.0,22.5,5.377987119562654,4.0,3,5.0,1
Von Miller,Witney Carson,Athlete,Sports,Texas,United States,27,26-35,22,Eliminated Week 7,7,7.0,,7.0,24.571428571428573,32.0,20.0,4.68533680244878,6.0,4,4.75,1
Vanilla Ice,Witney Carson,Singer/Rapper,Entertainment,Texas,United States,48,46-55,23,Eliminated Week 4,10,4.0,,4.0,24.25,26.0,23.0,1.5,-0.6666666666666679,5,5.2,1
Chris Kattan,Witney Carson,Comedian,Entertainment,California,United States,46,46-55,24,Eliminated Week 2,12,2.0,,2.0,19.5,22.0,17.0,3.5355339059327378,,6,6.0,1
Frankie Muniz,Witney Carson,Actor/Actress,Entertainment,New Jersey,United States,31,26-35,25,3rd Place,3,,3.0,10.0,26.888869999999997,38.8887,19.0,5.68348180569505,8.962900000000001,7,6.857142857142857,1
Chris Mazdzer,Witney Carson,Athlete,Sports,Massachusetts,United States,29,26-35,26,Eliminated Week 3,5,3.0,,3.0,29.0,33.0,21.0,6.928203230275509,,8,6.375,1
Milo Manheim,Witney Carson,Actor/Actress,Entertainment,California,United States,17,≤25,27,2nd Place,2,,2.0,9.0,27.27777777777778,30.0,20.0,3.073181485764296,4.5,9,6.222222222222222,1
Kel Mitchell,Witney Carson,Actor/Actress,Entertainment,Illinois,United States,41,36-45,28,2nd Place,2,,2.0,11.0,26.409072727272726,37.0,16.0,6.015876117256888,13.0,10,5.8,1
"Mike ""The Miz"" Mizanin",Witney Carson,Athlete,Sports,Ohio,United States,40,36-45,30,Eliminated Week 7,9,7.0,,7.0,28.928571428571427,34.0,22.0,4.799553550666383,8.666666666666664,11,5.454545454545454,1
Wayne Brady,Witney Carson,Comedian,Entertainment,Georgia,United States,50,46-55,31,3rd Place,3,,3.0,10.0,36.25,45.0,29.0,4.614289399969043,8.500000000000004,12,5.75,1
Danny Amendola,Witney Carson,Athlete,Sports,Texas,United States,39,36-45,33,5th Place,5,,5.0,9.0,26.77777777777778,36.0,20.0,4.757304325397361,3.1666666666666643,13,5.538461538461538,1
Robert Irwin,Witney Carson (Xoshitl Gomez week 9),Conservationist,Other,Unknown,Australia,22,≤25,34,1st Place,1,,1.0,11.0,30.196963636363638,42.0,15.0,8.982952822682831,14.055533333333333,0,6.814726840855107,0
