season,week,method,w_judge,n_contestants,excitement_var
1,1,rank,,6,0.15466666666666667
1,2,rank,,6,0.3
1,3,rank,,5,0.30000000000000004
1,4,rank,,4,0.22222222222222224
1,5,rank,,3,0.25
1,6,rank,,2,0.5
2,1,rank,,10,0.17777777777777784
2,2,rank,,9,0.18964334705075445
2,3,rank,,8,0.1305114638447972
2,4,rank,,7,0.19533527696793
2,5,rank,,6,0.3
2,6,rank,,5,0.15199999999999997
2,7,rank,,4,0.3333333333333333
2,8,rank,,3,0.25
3,1,rank,,11,0.11222727272727273
3,2,rank,,10,0.13270975056689344
3,3,rank,,9,0.1145124716553288
3,4,rank,,8,0.12487599206349206
3,5,rank,,7,0.18930041152263377
3,6,rank,,5,0.15625
3,7,rank,,5,0.2
3,8,rank,,4,0.1759259259259259
3,9,rank,,3,0.0
3,10,rank,,2,0.0
4,1,rank,,11,0.11504545454545453
4,2,rank,,11,0.10510662177328844
4,3,rank,,10,0.14448784722222224
4,4,rank,,9,0.1387471655328798
4,5,rank,,8,0.12244897959183673
4,6,rank,,7,0.17809523809523808
4,7,rank,,6,0.18106995884773663
4,8,rank,,5,0.15625
4,9,rank,,4,0.21064814814814817
4,10,rank,,3,0.25
5,1,rank,,12,0.1043701477585775
5,2,rank,,11,0.08580246913580247
5,3,rank,,10,0.13319615912208504
5,4,rank,,9,0.13604938271604936
5,5,rank,,8,0.1447172619047619
5,6,rank,,7,0.15142857142857138
5,7,rank,,6,0.13866666666666666
5,8,rank,,5,0.22222222222222227
5,9,rank,,4,0.27666666666666667
5,10,rank,,3,0.25
6,1,rank,,12,0.12293560606060608
6,2,rank,,12,0.11582769847232659
6,3,rank,,10,0.1327097505668934
6,4,rank,,9,0.11762152777777779
6,5,rank,,8,0.12964650145772594
6,6,rank,,7,0.12136243386243385
6,7,rank,,6,0.15885416666666669
6,8,rank,,5,0.22222222222222227
6,9,rank,,4,0.1851851851851852
6,10,rank,,3,0.25
7,1,rank,,13,0.10200765669515671
7,2,rank,,11,0.14090909090909093
7,3,rank,,9,0.11241319444444445
7,4,rank,,9,0.12011718750000001
7,5,rank,,8,0.1676384839650146
7,6,rank,,7,0.12433862433862435
7,7,rank,,6,0.2026041666666667
7,8,rank,,5,0.1673469387755102
7,9,rank,,4,0.17592592592592593
7,10,rank,,3,0.33333333333333337
8,1,rank,,13,0.10665954415954415
8,2,rank,,13,0.11698354555497413
8,3,rank,,12,0.14066287878787878
8,4,rank,,11,0.10954545454545454
8,5,rank,,9,0.1421485260770975
8,6,rank,,8,0.12791545189504375
8,7,rank,,7,0.1335978835978836
8,8,rank,,6,0.13539094650205763
8,9,rank,,5,0.19795918367346937
8,10,rank,,4,0.18518518518518515
8,11,rank,,3,0.25
9,1,rank,,16,0.1017637732857709
9,2,rank,,14,0.102610989010989
9,3,rank,,13,0.11988768806950623
9,4,rank,,11,0.13524130190796857
9,5,rank,,10,0.13893229166666668
9,6,rank,,9,0.14413265306122447
9,7,rank,,7,0.13359788359788363
9,8,rank,,5,0.18888888888888888
9,9,rank,,4,0.25
9,10,rank,,3,0.25
10,1,rank,,11,0.1071818181818182
10,2,rank,,11,0.11865366467442592
10,3,rank,,10,0.11526063100137174
10,4,rank,,9,0.13222222222222224
10,5,rank,,8,0.11579810495626822
10,6,rank,,7,0.12962962962962965
10,7,rank,,6,0.19791666666666666
10,8,rank,,5,0.16875
10,9,rank,,4,0.25
10,10,rank,,3,0.25
11,1,rank,,12,0.11931818181818182
11,2,rank,,11,0.10718181818181818
11,3,rank,,10,0.11810699588477368
11,4,rank,,9,0.1171875
11,5,rank,,8,0.1661706349206349
11,6,rank,,7,0.10333333333333335
11,7,rank,,6,0.1963541666666667
11,8,rank,,5,0.2183673469387755
11,9,rank,,4,0.24000000000000002
11,10,rank,,3,0.25
12,1,rank,,11,0.1121818181818182
12,2,rank,,11,0.13041526374859708
12,3,rank,,10,0.11371742112482854
12,4,rank,,9,0.13234567901234567
12,5,rank,,8,0.14967757936507936
12,6,rank,,7,0.13988095238095238
12,7,rank,,6,0.19791666666666666
12,8,rank,,5,0.17346938775510204
12,9,rank,,4,0.1851851851851852
12,10,rank,,3,0.33333333333333337
13,1,rank,,12,0.11061545204107186
13,2,rank,,11,0.1365767045454546
13,3,rank,,10,0.10276543209876543
13,4,rank,,9,0.14069690992767916
13,5,rank,,8,0.12673104956268222
13,6,rank,,7,0.13988095238095238
13,7,rank,,6,0.16790123456790124
13,8,rank,,5,0.159375
13,9,rank,,4,0.1851851851851852
13,10,rank,,3,0.25
14,1,rank,,12,0.1428170594837261
14,2,rank,,12,0.11124154770848986
14,3,rank,,11,0.11001420454545452
14,4,rank,,10,0.12164552095347941
14,5,rank,,9,0.12890625
14,6,rank,,8,0.12244897959183675
14,7,rank,,7,0.14718614718614723
14,8,rank,,6,0.13866666666666666
14,9,rank,,4,0.16666666666666666
14,10,rank,,3,0.33333333333333337
15,1,rank,,13,0.10605858262108263
15,2,rank,,12,0.10005681818181818
15,3,rank,,11,0.14079685746352413
15,4,rank,,9,0.1393827160493827
15,5,rank,,8,0.15597667638483964
15,6,rank,,8,0.12610229276895943
15,7,rank,,7,0.12962962962962962
15,8,rank,,7,0.09821428571428574
15,9,rank,,5,0.1530612244897959
15,10,rank,,3,0.25
16,1,rank,,12,0.11737728524918606
16,2,rank,,12,0.10372839969947406
16,3,rank,,11,0.11213636363636363
16,4,rank,,10,0.12229911572472124
16,5,rank,,9,0.13010204081632654
16,6,rank,,8,0.12162900874635567
16,7,rank,,7,0.12962962962962965
16,8,rank,,6,0.13999999999999999
16,9,rank,,5,0.2
16,10,rank,,4,0.2766666666666667
17,1,rank,,12,0.11099110944152263
17,2,rank,,12,0.1234109805538377
17,3,rank,,11,0.11916393855452026
17,4,rank,,10,0.1318244170096022
17,5,rank,,9,0.12006427915518825
17,6,rank,,8,0.12244897959183672
17,7,rank,,8,0.16865079365079366
17,8,rank,,7,0.18904761904761905
17,9,rank,,6,0.10952380952380954
17,10,rank,,5,0.19387755102040813
17,11,rank,,4,0.1851851851851852
18,1,rank,,12,0.11424680691209618
18,2,rank,,11,0.13125
18,3,rank,,9,0.15234375
18,4,rank,,9,0.1140407986111111
18,5,rank,,9,0.12555555555555556
18,6,rank,,8,0.1488095238095238
18,7,rank,,7,0.12962962962962965
18,8,rank,,6,0.1
18,9,rank,,5,0.19999999999999996
18,10,rank,,4,0.24000000000000002
19,1,rank,,13,0.1134700208424216
19,2,rank,,12,0.1265198279087168
19,3,rank,,11,0.11872727272727275
19,4,rank,,10,0.1558299039780521
19,5,rank,,9,0.1267361111111111
19,6,rank,,9,0.14907955292570677
19,7,rank,,8,0.13693998309382924
19,8,rank,,7,0.12962962962962962
19,9,rank,,6,0.16008230452674893
19,10,rank,,5,0.15625
19,11,rank,,4,0.1851851851851852
20,1,rank,,12,0.1065719696969697
20,2,rank,,12,0.09928229665071768
20,3,rank,,11,0.12636615462100226
20,4,rank,,10,0.1326388888888889
20,5,rank,,9,0.16685956790123457
20,6,rank,,8,0.16455853174603172
20,7,rank,,7,0.1130952380952381
20,8,rank,,6,0.136
20,9,rank,,4,0.17592592592592593
20,10,rank,,3,0.33333333333333337
21,1,rank,,13,0.10643696581196582
21,2,rank,,13,0.10238603988603988
21,3,rank,,10,0.12349108367626885
21,4,rank,,10,0.12633744855967077
21,5,rank,,9,0.11176215277777776
21,6,rank,,9,0.1279296875
21,7,rank,,8,0.16553571428571429
21,8,rank,,7,0.1306216931216931
21,9,rank,,6,0.11866666666666666
21,10,rank,,4,0.21064814814814817
21,11,rank,,4,0.22916666666666666
22,1,rank,,12,0.12000688705234162
22,2,rank,,12,0.11023979464062111
22,3,rank,,11,0.09763636363636363
22,4,rank,,10,0.14674479166666668
22,5,rank,,9,0.11176215277777778
22,6,rank,,9,0.09418402777777778
22,7,rank,,8,0.17886658795749708
22,8,rank,,6,0.10952380952380954
22,9,rank,,5,0.15625
22,10,rank,,3,0.25
23,1,rank,,13,0.10990918803418805
23,2,rank,,13,0.12646084074655503
23,3,rank,,12,0.10573421287707002
23,4,rank,,11,0.1081818181818182
23,5,rank,,9,0.16777777777777778
23,6,rank,,9,0.1171875
23,7,rank,,8,0.17943948412698413
23,8,rank,,7,0.17476190476190476
23,9,rank,,6,0.18641975308641975
23,10,rank,,5,0.128
23,11,rank,,4,0.1851851851851852
24,1,rank,,12,0.1136207112446782
24,2,rank,,12,0.1283901515151515
24,3,rank,,11,0.12362514029180696
24,4,rank,,10,0.10438957475994512
24,5,rank,,9,0.13747165532879818
24,6,rank,,8,0.10714285714285714
24,7,rank,,7,0.19929453262786598
24,8,rank,,5,0.15625
24,9,rank,,4,0.16666666666666666
24,10,rank,,3,0.25
25,1,rank,,13,0.10861823361823363
25,2,rank,,13,0.10663728632478632
25,3,rank,,11,0.07968181818181819
25,4,rank,,11,0.10365147318055905
25,5,rank,,10,0.1259114583333333
25,6,rank,,9,0.11241319444444445
25,7,rank,,8,0.13256195335276968
25,8,rank,,6,0.19375
25,9,rank,,5,0.18055555555555558
25,10,rank,,4,0.25
26,1,rank,,10,0.14952256944444445
26,2,rank,,8,0.10640321217244295
26,3,rank,,6,0.13866666666666666
26,4,rank,,3,0.25
27,1,rank,,13,0.10748388347632208
27,2,rank,,12,0.12786023500309215
27,3,rank,,11,0.13973063973063976
27,4,rank,,10,0.10861678004535147
27,5,rank,,9,0.12413194444444445
27,6,rank,,9,0.15236686390532542
27,7,rank,,8,0.1357886904761905
27,8,rank,,6,0.1860082304526749
27,9,rank,,4,0.25
28,1,rank,,12,0.10159967443025293
28,2,rank,,12,0.1120902906617192
28,3,rank,,10,0.12294238683127572
28,4,rank,,10,0.17889546351084812
28,5,rank,,9,0.12413194444444445
28,6,rank,,9,0.1322699652777778
28,7,rank,,8,0.14462081128747797
28,8,rank,,7,0.2108843537414966
28,9,rank,,6,0.2
28,10,rank,,5,0.23199999999999998
28,11,rank,,4,0.1851851851851852
29,1,rank,,15,0.10467687074829932
29,2,rank,,15,0.11540616246498599
29,3,rank,,14,0.11083447802197803
29,4,rank,,13,0.15794159544159544
29,5,rank,,12,0.0994710417787341
29,6,rank,,11,0.1169445938676708
29,7,rank,,10,0.2777777777777778
29,8,rank,,8,0.10285714285714286
29,9,rank,,7,0.2075892857142857
29,10,rank,,6,0.17687074829931973
29,11,rank,,4,0.22222222222222224
30,1,rank,,15,0.09778911564625849
30,2,rank,,15,0.09086491739552964
30,3,rank,,14,0.1121327651939897
30,4,rank,,13,0.1535845107273679
30,5,rank,,11,0.13302411873840447
30,6,rank,,10,0.10434027777777778
30,7,rank,,9,0.10944444444444446
30,8,rank,,8,0.0816326530612245
30,9,rank,,6,0.15066666666666667
30,10,rank,,4,0.25
31,1,rank,,16,0.22916666666666666
31,2,rank,,15,0.0647776465958284
31,3,rank,,14,0.11401709401709399
31,4,rank,,13,0.12444444444444447
31,5,rank,,12,0.10386927122464312
31,6,rank,,10,0.12855831037649215
31,7,rank,,9,0.10277777777777777
31,8,rank,,8,0.20458553791887124
31,9,rank,,6,0.2416666666666667
31,10,rank,,4,0.3333333333333333
32,1,rank,,14,0.14835164835164832
32,2,rank,,13,0.08151313706869263
32,3,rank,,12,0.19502314814814817
32,4,rank,,11,0.17731029301277235
32,5,rank,,10,0.12000000000000001
32,6,rank,,9,0.19444444444444445
32,7,rank,,8,0.25749559082892415
32,8,rank,,7,0.2108843537414966
32,9,rank,,6,0.24000000000000005
32,10,rank,,5,0.15625
32,11,rank,,5,0.1609375
33,1,rank,,13,0.10051638176638177
33,2,rank,,13,0.16568550497121928
33,3,rank,,11,0.1555221637866266
33,4,rank,,9,0.13590449954086317
33,5,rank,,8,0.15714285714285717
33,6,rank,,7,0.15608465608465608
33,7,rank,,6,0.24
33,8,rank,,5,0.2
33,9,rank,,5,0.159375
34,1,rank,,14,0.10509195665445664
34,2,rank,,14,0.12395908589680217
34,3,rank,,12,0.11631944444444443
34,4,rank,,11,0.09639591178052717
34,5,rank,,10,0.10919067215363511
34,6,rank,,10,0.13415977961432507
34,7,rank,,9,0.17112482853223593
34,8,rank,,8,0.2354497354497354
34,9,rank,,7,0.2075249853027631
34,10,rank,,6,0.24375
34,11,rank,,5,0.16875
1,1,percent,,6,0.15041450792089578
1,2,percent,,6,0.2845550466973692
1,3,percent,,5,0.27697259475572983
1,4,percent,,4,0.24050449067488974
1,5,percent,,3,0.27590861499040037
1,6,percent,,2,0.5
2,1,percent,,10,0.11078033841053833
2,2,percent,,9,0.17871577866081037
2,3,percent,,8,0.16513019904900952
2,4,percent,,7,0.19764142540281662
2,5,percent,,6,0.2803933875615324
2,6,percent,,5,0.1948711405709972
2,7,percent,,4,0.31265203804794445
2,8,percent,,3,0.29244034386238854
3,1,percent,,11,0.08897582665342005
3,2,percent,,10,0.10985102027854637
3,3,percent,,9,0.16466105284446017
3,4,percent,,8,0.1674397326359265
3,5,percent,,7,0.28570956464492553
3,6,percent,,5,0.1327823826958215
3,7,percent,,5,0.17760415100790658
3,8,percent,,4,0.1875680233869762
3,9,percent,,3,0.0
3,10,percent,,2,0.0
4,1,percent,,11,0.09451145438059745
4,2,percent,,11,0.12046833410422612
4,3,percent,,10,0.17406056069654918
4,4,percent,,9,0.13722157031048482
4,5,percent,,8,0.11687618842724667
4,6,percent,,7,0.22906434193279201
4,7,percent,,6,0.21182544699960074
4,8,percent,,5,0.15660803649002833
4,9,percent,,4,0.22918779934990952
4,10,percent,,3,0.25929036186709925
5,1,percent,,12,0.08644033086150861
5,2,percent,,11,0.11894147376324608
5,3,percent,,10,0.13336743959805727
5,4,percent,,9,0.09636705404165052
5,5,percent,,8,0.1400957380252188
5,6,percent,,7,0.15994782362519214
5,7,percent,,6,0.12499877457824309
5,8,percent,,5,0.26100958039590816
5,9,percent,,4,0.33333319913269016
5,10,percent,,3,0.3136640567705239
6,1,percent,,12,0.10320531418959228
6,2,percent,,12,0.12333007066368616
6,3,percent,,10,0.13508913806259965
6,4,percent,,9,0.11288223974498898
6,5,percent,,8,0.12499981794637138
6,6,percent,,7,0.10994238869469908
6,7,percent,,6,0.1750158121261838
6,8,percent,,5,0.20405713084568808
6,9,percent,,4,0.1866074239718396
6,10,percent,,3,0.2551190020727705
7,1,percent,,13,0.0643397931116319
7,2,percent,,11,0.14491504219762033
7,3,percent,,9,0.07893760820606208
7,4,percent,,9,0.10618263772265016
7,5,percent,,8,0.22795818328004241
7,6,percent,,7,0.1120146504832041
7,7,percent,,6,0.15224807845288274
7,8,percent,,5,0.22441130989433422
7,9,percent,,4,0.1841980752607805
7,10,percent,,3,0.33333333333333337
8,1,percent,,13,0.09712930278990074
8,2,percent,,13,0.11247165492227884
8,3,percent,,12,0.14994481273279694
8,4,percent,,11,0.10808150664454172
8,5,percent,,9,0.13523717354091838
8,6,percent,,8,0.13243275834726498
8,7,percent,,7,0.1145225479152776
8,8,percent,,6,0.17586500538316152
8,9,percent,,5,0.254303803135948
8,10,percent,,4,0.1728394059702724
8,11,percent,,3,0.2592997996733091
9,1,percent,,16,0.1256543930622759
9,2,percent,,14,0.11787997090345251
9,3,percent,,13,0.1069105382920542
9,4,percent,,11,0.15336627120558782
9,5,percent,,10,0.10868386253769827
9,6,percent,,9,0.15242915370461915
9,7,percent,,7,0.11670036937762905
9,8,percent,,5,0.17665003754133687
9,9,percent,,4,0.2421548467526533
9,10,percent,,3,0.28475244810884304
10,1,percent,,11,0.09411073332506693
10,2,percent,,11,0.10931443246758968
10,3,percent,,10,0.08527546925495841
10,4,percent,,9,0.1409217677028645
10,5,percent,,8,0.11381995283242917
10,6,percent,,7,0.14158334275773687
10,7,percent,,6,0.21050580364716137
10,8,percent,,5,0.16697490654548977
10,9,percent,,4,0.2245342350259084
10,10,percent,,3,0.3149170840341497
11,1,percent,,12,0.13995476530039896
11,2,percent,,11,0.07566160783642596
11,3,percent,,10,0.10900447808237851
11,4,percent,,9,0.09973430850035024
11,5,percent,,8,0.13922865894701875
11,6,percent,,7,0.11946459663287584
11,7,percent,,6,0.24149889229085889
11,8,percent,,5,0.28102194347302517
11,9,percent,,4,0.23980212821830427
11,10,percent,,3,0.25453123120139276
12,1,percent,,11,0.09555221076516178
12,2,percent,,11,0.1735952138340729
12,3,percent,,10,0.08510650745034869
12,4,percent,,9,0.12520669149273914
12,5,percent,,8,0.1910998799787904
12,6,percent,,7,0.13642588389456314
12,7,percent,,6,0.2501047185104692
12,8,percent,,5,0.22178653699768702
12,9,percent,,4,0.18307726959158832
12,10,percent,,3,0.33333333333333337
13,1,percent,,12,0.11524362099614299
13,2,percent,,11,0.14363247703883752
13,3,percent,,10,0.13570568908681868
13,4,percent,,9,0.11572194413966264
13,5,percent,,8,0.09519776892708784
13,6,percent,,7,0.15956653328227793
13,7,percent,,6,0.16456918580470759
13,8,percent,,5,0.12582650376850849
13,9,percent,,4,0.2148711037212967
13,10,percent,,3,0.25000001994754006
14,1,percent,,12,0.12867964451293357
14,2,percent,,12,0.10461441617485302
14,3,percent,,11,0.13060704298697817
14,4,percent,,10,0.13044597706848052
14,5,percent,,9,0.1288208354453969
14,6,percent,,8,0.11537202345851508
14,7,percent,,7,0.12411237428814957
14,8,percent,,6,0.13051707559610082
14,9,percent,,4,0.24998447154235248
14,10,percent,,3,0.33333333333333337
15,1,percent,,13,0.07088771931212116
15,2,percent,,12,0.1168646522536497
15,3,percent,,11,0.12486690166402906
15,4,percent,,9,0.13755435453745912
15,5,percent,,8,0.11131775247404425
15,6,percent,,8,0.16731487969283082
15,7,percent,,7,0.11053454045896426
15,8,percent,,7,0.09995385561020625
15,9,percent,,5,0.14766997792081243
15,10,percent,,3,0.25170916261218307
16,1,percent,,12,0.059878849521283216
16,2,percent,,12,0.1120280205449177
16,3,percent,,11,0.11798548416087176
16,4,percent,,10,0.13491867994622175
16,5,percent,,9,0.12722921325548964
16,6,percent,,8,0.11741482642046575
16,7,percent,,7,0.1091345765175978
16,8,percent,,6,0.13812703112940672
16,9,percent,,5,0.18446437747379457
16,10,percent,,4,0.33333318334252476
17,1,percent,,12,0.07341778434046103
17,2,percent,,12,0.12713469419001405
17,3,percent,,11,0.11831176596382631
17,4,percent,,10,0.11023554487954897
17,5,percent,,9,0.1367061262418916
17,6,percent,,8,0.12726096108459609
17,7,percent,,8,0.18056003837381301
17,8,percent,,7,0.20677663573267904
17,9,percent,,6,0.15161732597297337
17,10,percent,,5,0.20119784004400437
17,11,percent,,4,0.18191105961169426
18,1,percent,,12,0.0743280236811271
18,2,percent,,11,0.14286853783010517
18,3,percent,,9,0.10512196766931602
18,4,percent,,9,0.07444650807713225
18,5,percent,,9,0.11932058129740675
18,6,percent,,8,0.1281415253654648
18,7,percent,,7,0.10350656512550856
18,8,percent,,6,0.16369564462615982
18,9,percent,,5,0.18877440865287037
18,10,percent,,4,0.293102059161685
19,1,percent,,13,0.0957237573037746
19,2,percent,,12,0.11197842526545139
19,3,percent,,11,0.10388009755156169
19,4,percent,,10,0.16699436018484054
19,5,percent,,9,0.12999781538505972
19,6,percent,,9,0.13015158239274965
19,7,percent,,8,0.1319421504223153
19,8,percent,,7,0.1430042856103294
19,9,percent,,6,0.2156623830303678
19,10,percent,,5,0.15594822002951128
19,11,percent,,4,0.17359050108770702
20,1,percent,,12,0.10272919323019174
20,2,percent,,12,0.12461583601414912
20,3,percent,,11,0.14775564911765948
20,4,percent,,10,0.12047834357113746
20,5,percent,,9,0.1926832321512238
20,6,percent,,8,0.13238131590820082
20,7,percent,,7,0.14409750279386216
20,8,percent,,6,0.214037327089475
20,9,percent,,4,0.24975045514226324
20,10,percent,,3,0.33333333333333337
21,1,percent,,13,0.13936004367987118
21,2,percent,,13,0.10147900510962454
21,3,percent,,10,0.09501032444940098
21,4,percent,,10,0.11778249349534538
21,5,percent,,9,0.1290533140554942
21,6,percent,,9,0.1372595914218565
21,7,percent,,8,0.1315790226916795
21,8,percent,,7,0.10580382946556632
21,9,percent,,6,0.22022348597336266
21,10,percent,,4,0.25027571729274095
21,11,percent,,4,0.3333329157638707
22,1,percent,,12,0.10956356452654603
22,2,percent,,12,0.08172155990083331
22,3,percent,,11,0.08728048197706637
22,4,percent,,10,0.16774027465768937
22,5,percent,,9,0.10342784065765953
22,6,percent,,9,0.0930499496164788
22,7,percent,,8,0.17968700851113037
22,8,percent,,6,0.17314885663327403
22,9,percent,,5,0.17201211791724194
22,10,percent,,3,0.2500000652936054
23,1,percent,,13,0.0863402025732342
23,2,percent,,13,0.1139929398718052
23,3,percent,,12,0.1131532165470698
23,4,percent,,11,0.07249092687352451
23,5,percent,,9,0.13081225433777693
23,6,percent,,9,0.1274777486118329
23,7,percent,,8,0.16030552110178295
23,8,percent,,7,0.17304806193540567
23,9,percent,,6,0.21049245846902095
23,10,percent,,5,0.1981878867518101
23,11,percent,,4,0.2070752229284422
24,1,percent,,12,0.09375485184951113
24,2,percent,,12,0.11147066997350966
24,3,percent,,11,0.1622761616494112
24,4,percent,,10,0.0885245827686834
24,5,percent,,9,0.1477007389017058
24,6,percent,,8,0.15524695215054057
24,7,percent,,7,0.17417248194055865
24,8,percent,,5,0.15798745692416127
24,9,percent,,4,0.2285629596511376
24,10,percent,,3,0.3032604586294635
25,1,percent,,13,0.09795136091169947
25,2,percent,,13,0.10017717243273082
25,3,percent,,11,0.07768142065401859
25,4,percent,,11,0.09003302998659761
25,5,percent,,10,0.12440516044709911
25,6,percent,,9,0.11239722676344673
25,7,percent,,8,0.12242926063689986
25,8,percent,,6,0.15883129596543616
25,9,percent,,5,0.2573301347064863
25,10,percent,,4,0.22533942724395048
26,1,percent,,10,0.1662049875969142
26,2,percent,,8,0.10946567228598172
26,3,percent,,6,0.11784765575267035
26,4,percent,,3,0.2500000262126644
27,1,percent,,13,0.1151585071475061
27,2,percent,,12,0.14035564495764452
27,3,percent,,11,0.10822980682099123
27,4,percent,,10,0.11374349992245301
27,5,percent,,9,0.10262930639361004
27,6,percent,,9,0.1938527180339582
27,7,percent,,8,0.13722846992750898
27,8,percent,,6,0.20201893696490852
27,9,percent,,4,0.2292324787919031
28,1,percent,,12,0.08809539589751035
28,2,percent,,12,0.1326704716612432
28,3,percent,,10,0.12054203780823891
28,4,percent,,10,0.20564203407024106
28,5,percent,,9,0.10335910736615939
28,6,percent,,9,0.1042736244042508
28,7,percent,,8,0.24379598808715036
28,8,percent,,7,0.2251725003099295
28,9,percent,,6,0.2756675431006544
28,10,percent,,5,0.2894510910096688
28,11,percent,,4,0.18518505084434422
29,1,percent,,15,0.09672367797067163
29,2,percent,,15,0.16191214483933053
29,3,percent,,14,0.12397452383124172
29,4,percent,,13,0.21186624978545232
29,5,percent,,12,0.14614518962138315
29,6,percent,,11,0.11276182004023583
29,7,percent,,10,0.15626393648907994
29,8,percent,,8,0.11442635448235791
29,9,percent,,7,0.24970676178017948
29,10,percent,,6,0.2571490373899235
29,11,percent,,4,0.24999998983331503
30,1,percent,,15,0.05801120817527329
30,2,percent,,15,0.14594467478580145
30,3,percent,,14,0.11476414876331562
30,4,percent,,13,0.1636767667092912
30,5,percent,,11,0.18539455217504947
30,6,percent,,10,0.21581625294226675
30,7,percent,,9,0.1710197251763509
30,8,percent,,8,0.1950808660018811
30,9,percent,,6,0.27212589528813796
30,10,percent,,4,0.2291986715123897
31,1,percent,,16,0.08911663973746163
31,2,percent,,15,0.05453399721342567
31,3,percent,,14,0.1373402880769545
31,4,percent,,13,0.1644966998797016
31,5,percent,,12,0.12905559023393176
31,6,percent,,10,0.20014669964040252
31,7,percent,,9,0.10962407848006353
31,8,percent,,8,0.2468778682543136
31,9,percent,,6,0.274250885452024
31,10,percent,,4,0.3333333333333333
32,1,percent,,14,0.1578386931491596
32,2,percent,,13,0.09872891684788071
32,3,percent,,12,0.1690407150655605
32,4,percent,,11,0.19586896287149602
32,5,percent,,10,0.15707520462624325
32,6,percent,,9,0.17870919782376293
32,7,percent,,8,0.25789344878200804
32,8,percent,,7,0.24036844058927612
32,9,percent,,6,0.26523366754807987
32,10,percent,,5,0.15414696770201922
32,11,percent,,5,0.177459669455584
33,1,percent,,13,0.08597693176728488
33,2,percent,,13,0.1618786230720818
33,3,percent,,11,0.18559270710168668
33,4,percent,,9,0.23145429459055436
33,5,percent,,8,0.24314169104436822
33,6,percent,,7,0.18456530494903878
33,7,percent,,6,0.2609631296074394
33,8,percent,,5,0.2200341528779509
33,9,percent,,5,0.1687325133816563
34,1,percent,,14,0.12142588468469115
34,2,percent,,14,0.12484840771276598
34,3,percent,,12,0.17985799709928754
34,4,percent,,11,0.14105276721408747
34,5,percent,,10,0.09292672002688641
34,6,percent,,10,0.1729403343512787
34,7,percent,,9,0.20159320068122208
34,8,percent,,8,0.2514157265399469
34,9,percent,,7,0.22486089602691883
34,10,percent,,6,0.2857639629831984
34,11,percent,,5,0.14443797983743656
1,1,sigmoid,0.3002838681596402,6,0.15048318002269392
1,2,sigmoid,0.3034309941654848,6,0.18811833145289542
1,3,sigmoid,0.3381397859596438,5,0.22673956821761437
1,4,sigmoid,0.5248706003543192,4,0.21159957744928923
1,5,sigmoid,0.675965339930397,3,0.27586034616753463
1,6,sigmoid,0.6979119497225766,2,0.5
2,1,sigmoid,0.30015199380590074,10,0.12742476664545355
2,2,sigmoid,0.3009890492626539,9,0.14627829732319814
2,3,sigmoid,0.3063625566847259,8,0.1309269821194615
2,4,sigmoid,0.3381397859596438,7,0.17234575815056155
2,5,sigmoid,0.46293336001837204,6,0.236860879620566
2,6,sigmoid,0.6270297904774574,5,0.17904268527104394
2,7,sigmoid,0.6867656086445184,4,0.22601318327278822
2,8,sigmoid,0.6979119497225766,3,0.29246411559071495
3,1,sigmoid,0.3001044761276383,11,0.08912092615894032
3,2,sigmoid,0.3004678041060222,10,0.08437520843508661
3,3,sigmoid,0.30208805027742336,9,0.1198309406705018
3,4,sigmoid,0.30919094796401025,8,0.11956573778739751
3,5,sigmoid,0.3381397859596438,7,0.16471709194145137
3,6,sigmoid,0.42832852032984275,5,0.13269132515063103
3,7,sigmoid,0.5716714796701571,5,0.17759786962733906
3,8,sigmoid,0.6618602140403562,4,0.18755512941222774
3,9,sigmoid,0.6908090520359897,3,0.0
3,10,sigmoid,0.6979119497225766,2,0.0
4,1,sigmoid,0.3001044761276383,11,0.0946964887285607
4,2,sigmoid,0.3004678041060222,11,0.08835117624368465
4,3,sigmoid,0.30208805027742336,10,0.10563292270922865
4,4,sigmoid,0.30919094796401025,9,0.1268400047240782
4,5,sigmoid,0.3381397859596438,8,0.11708408326339358
4,6,sigmoid,0.42832852032984275,7,0.18398410383320837
4,7,sigmoid,0.5716714796701571,6,0.20690526305259502
4,8,sigmoid,0.6618602140403562,5,0.1566286881417774
4,9,sigmoid,0.6908090520359897,4,0.22918235355474392
4,10,sigmoid,0.6979119497225766,3,0.2592819917997797
5,1,sigmoid,0.3001044761276383,12,0.08663890243431235
5,2,sigmoid,0.3004678041060222,11,0.07921725231278462
5,3,sigmoid,0.30208805027742336,10,0.13387114448307144
5,4,sigmoid,0.30919094796401025,9,0.08570776282532373
5,5,sigmoid,0.3381397859596438,8,0.13988634542376938
5,6,sigmoid,0.42832852032984275,7,0.13310857951881375
5,7,sigmoid,0.5716714796701571,6,0.12499863852160567
5,8,sigmoid,0.6618602140403562,5,0.2478628500973214
5,9,sigmoid,0.6908090520359897,4,0.28024901911801253
5,10,sigmoid,0.6979119497225766,3,0.3137062677340986
6,1,sigmoid,0.3001044761276383,12,0.10262163094899551
6,2,sigmoid,0.3004678041060222,12,0.12368890708088796
6,3,sigmoid,0.30208805027742336,10,0.10658598008889038
6,4,sigmoid,0.30919094796401025,9,0.11327955852975627
6,5,sigmoid,0.3381397859596438,8,0.1250021849171953
6,6,sigmoid,0.42832852032984275,7,0.10994860433397775
6,7,sigmoid,0.5716714796701571,6,0.17252346162499368
6,8,sigmoid,0.6618602140403562,5,0.18393894118492876
6,9,sigmoid,0.6908090520359897,4,0.18662262107371355
6,10,sigmoid,0.6979119497225766,3,0.25514612662078484
7,1,sigmoid,0.3001044761276383,13,0.0643968796182405
7,2,sigmoid,0.3004678041060222,11,0.11473519561565822
7,3,sigmoid,0.30208805027742336,9,0.07899211751722639
7,4,sigmoid,0.30919094796401025,9,0.10647263229663635
7,5,sigmoid,0.3381397859596438,8,0.21498241862666476
7,6,sigmoid,0.42832852032984275,7,0.1119706801124916
7,7,sigmoid,0.5716714796701571,6,0.15058599153791136
7,8,sigmoid,0.6618602140403562,5,0.2244234659763253
7,9,sigmoid,0.6908090520359897,4,0.18411627122709406
7,10,sigmoid,0.6979119497225766,3,0.33333333333333337
8,1,sigmoid,0.3000911610990888,13,0.09738062484134703
8,2,sigmoid,0.3003562388950501,13,0.0815910992338388
8,3,sigmoid,0.30138943058852713,12,0.10416131621340892
8,4,sigmoid,0.3053788343383616,11,0.10856779038584272
8,5,sigmoid,0.32024116159172605,9,0.10114218478427248
8,6,sigmoid,0.3689902969682859,8,0.13243383633251507
8,7,sigmoid,0.47961647363421395,7,0.11449857079403096
8,8,sigmoid,0.6044669956176942,6,0.16968459521684326
8,9,sigmoid,0.6702879228786678,5,0.2172032115950187
8,10,sigmoid,0.6919571075344866,4,0.1728890878676599
8,11,sigmoid,0.6979119497225766,3,0.2592874094046673
9,1,sigmoid,0.3001044761276383,16,0.12492659441510626
9,2,sigmoid,0.3004678041060222,14,0.11804916919137022
9,3,sigmoid,0.30208805027742336,13,0.08123666732500698
9,4,sigmoid,0.30919094796401025,11,0.136087651462972
9,5,sigmoid,0.3381397859596438,10,0.09696002603356432
9,6,sigmoid,0.42832852032984275,9,0.13922124754237367
9,7,sigmoid,0.5716714796701571,7,0.11669537806296272
9,8,sigmoid,0.6618602140403562,5,0.176632994806112
9,9,sigmoid,0.6908090520359897,4,0.20201782466171692
9,10,sigmoid,0.6979119497225766,3,0.28479496201421
10,1,sigmoid,0.3001044761276383,11,0.09400188858694217
10,2,sigmoid,0.3004678041060222,11,0.07157040931152475
10,3,sigmoid,0.30208805027742336,10,0.08500251362505434
10,4,sigmoid,0.30919094796401025,9,0.13411413703085803
10,5,sigmoid,0.3381397859596438,8,0.11401073295767569
10,6,sigmoid,0.42832852032984275,7,0.14153463650765988
10,7,sigmoid,0.5716714796701571,6,0.20614255426181738
10,8,sigmoid,0.6618602140403562,5,0.16700754203986268
10,9,sigmoid,0.6908090520359897,4,0.2245228154293949
10,10,sigmoid,0.6979119497225766,3,0.31490624140381124
11,1,sigmoid,0.3001044761276383,12,0.13966488352039957
11,2,sigmoid,0.3004678041060222,11,0.0757119080066846
11,3,sigmoid,0.30208805027742336,10,0.10879302144304848
11,4,sigmoid,0.30919094796401025,9,0.09974692476068957
11,5,sigmoid,0.3381397859596438,8,0.10926354088656628
11,6,sigmoid,0.42832852032984275,7,0.09102616321342151
11,7,sigmoid,0.5716714796701571,6,0.23753791485607872
11,8,sigmoid,0.6618602140403562,5,0.27621425658956766
11,9,sigmoid,0.6908090520359897,4,0.19779887356150205
11,10,sigmoid,0.6979119497225766,3,0.25450311452336927
12,1,sigmoid,0.3001044761276383,11,0.09554913686502323
12,2,sigmoid,0.3004678041060222,11,0.17343521040332507
12,3,sigmoid,0.30208805027742336,10,0.0853615633933432
12,4,sigmoid,0.30919094796401025,9,0.0928641286447741
12,5,sigmoid,0.3381397859596438,8,0.19082122751092637
12,6,sigmoid,0.42832852032984275,7,0.136527514584859
12,7,sigmoid,0.5716714796701571,6,0.24774556153549082
12,8,sigmoid,0.6618602140403562,5,0.18299385776547247
12,9,sigmoid,0.6908090520359897,4,0.18300423221359707
12,10,sigmoid,0.6979119497225766,3,0.33333333333333337
13,1,sigmoid,0.3001044761276383,12,0.11563072415003547
13,2,sigmoid,0.3004678041060222,11,0.08130284876336676
13,3,sigmoid,0.30208805027742336,10,0.08558636428267072
13,4,sigmoid,0.30919094796401025,9,0.10420075853985741
13,5,sigmoid,0.3381397859596438,8,0.09516824960467633
13,6,sigmoid,0.42832852032984275,7,0.15985209932698752
13,7,sigmoid,0.5716714796701571,6,0.1611232642240285
13,8,sigmoid,0.6618602140403562,5,0.12581904707414748
13,9,sigmoid,0.6908090520359897,4,0.21484205293921224
13,10,sigmoid,0.6979119497225766,3,0.250000015516325
14,1,sigmoid,0.3001044761276383,12,0.1285502139555488
14,2,sigmoid,0.3004678041060222,12,0.10503677894104312
14,3,sigmoid,0.30208805027742336,11,0.13026242503570043
14,4,sigmoid,0.30919094796401025,10,0.11328803089595121
14,5,sigmoid,0.3381397859596438,9,0.12902173530789968
14,6,sigmoid,0.42832852032984275,8,0.11545732219071346
14,7,sigmoid,0.5716714796701571,7,0.11986567547330952
14,8,sigmoid,0.6618602140403562,6,0.13052162452085428
14,9,sigmoid,0.6908090520359897,4,0.24321477820343262
14,10,sigmoid,0.6979119497225766,3,0.33333333333333337
15,1,sigmoid,0.3001044761276383,13,0.07097354156219887
15,2,sigmoid,0.3004678041060222,12,0.07423462264661908
15,3,sigmoid,0.30208805027742336,11,0.09121214033916632
15,4,sigmoid,0.30919094796401025,9,0.11370235445686877
15,5,sigmoid,0.3381397859596438,8,0.11122641499082622
15,6,sigmoid,0.42832852032984275,8,0.12477413585807742
15,7,sigmoid,0.5716714796701571,7,0.11054268763553775
15,8,sigmoid,0.6618602140403562,7,0.1000244214792691
15,9,sigmoid,0.6908090520359897,5,0.15121824600614797
15,10,sigmoid,0.6979119497225766,3,0.2517076414759526
16,1,sigmoid,0.3001044761276383,12,0.05983847499668196
16,2,sigmoid,0.3004678041060222,12,0.11245153304215952
16,3,sigmoid,0.30208805027742336,11,0.11820814751345461
16,4,sigmoid,0.30919094796401025,10,0.13486005377773364
16,5,sigmoid,0.3381397859596438,9,0.12686096377962428
16,6,sigmoid,0.42832852032984275,8,0.1175122784219277
16,7,sigmoid,0.5716714796701571,7,0.10912400550820169
16,8,sigmoid,0.6618602140403562,6,0.13812960014935843
16,9,sigmoid,0.6908090520359897,5,0.18444419916351723
16,10,sigmoid,0.6979119497225766,4,0.27810689083342205
17,1,sigmoid,0.3000911610990888,12,0.07330628088588186
17,2,sigmoid,0.3003562388950501,12,0.1115056032220279
17,3,sigmoid,0.30138943058852713,11,0.1178461982501067
17,4,sigmoid,0.3053788343383616,10,0.1106386369521196
17,5,sigmoid,0.32024116159172605,9,0.0832924239223297
17,6,sigmoid,0.3689902969682859,8,0.12750198299283128
17,7,sigmoid,0.47961647363421395,8,0.15199639934657444
17,8,sigmoid,0.6044669956176942,7,0.19881137117804634
17,9,sigmoid,0.6702879228786678,6,0.11287500462160378
17,10,sigmoid,0.6919571075344866,5,0.1868755435164452
17,11,sigmoid,0.6979119497225766,4,0.18192681910234088
18,1,sigmoid,0.3001044761276383,12,0.07439326585011939
18,2,sigmoid,0.3004678041060222,11,0.0880727200476065
18,3,sigmoid,0.30208805027742336,9,0.10496114676200607
18,4,sigmoid,0.30919094796401025,9,0.07451722514737547
18,5,sigmoid,0.3381397859596438,9,0.08529039362975743
18,6,sigmoid,0.42832852032984275,8,0.12801967767227584
18,7,sigmoid,0.5716714796701571,7,0.10350689151337554
18,8,sigmoid,0.6618602140403562,6,0.20002703259655386
18,9,sigmoid,0.6908090520359897,5,0.1609916654206578
18,10,sigmoid,0.6979119497225766,4,0.22109622542748997
19,1,sigmoid,0.3000911610990888,13,0.08222132724968936
19,2,sigmoid,0.3003562388950501,12,0.07923619406866542
19,3,sigmoid,0.30138943058852713,11,0.1042991668790713
19,4,sigmoid,0.3053788343383616,10,0.149663831210758
19,5,sigmoid,0.32024116159172605,9,0.13011961889767204
19,6,sigmoid,0.3689902969682859,9,0.09869672351845823
19,7,sigmoid,0.47961647363421395,8,0.12336625887821229
19,8,sigmoid,0.6044669956176942,7,0.14301590824901753
19,9,sigmoid,0.6702879228786678,6,0.1779750480688694
19,10,sigmoid,0.6919571075344866,5,0.15601611050670006
19,11,sigmoid,0.6979119497225766,4,0.17359539197328097
20,1,sigmoid,0.3001044761276383,12,0.10273765113556456
20,2,sigmoid,0.3004678041060222,12,0.07523384092257734
20,3,sigmoid,0.30208805027742336,11,0.14779680722818644
20,4,sigmoid,0.30919094796401025,10,0.09386197952708301
20,5,sigmoid,0.3381397859596438,9,0.15441561052755157
20,6,sigmoid,0.42832852032984275,8,0.12419525862631794
20,7,sigmoid,0.5716714796701571,7,0.13236085294940605
20,8,sigmoid,0.6618602140403562,6,0.21406127999204658
20,9,sigmoid,0.6908090520359897,4,0.1822079220627918
20,10,sigmoid,0.6979119497225766,3,0.33333333333333337
21,1,sigmoid,0.3000911610990888,13,0.1397626422152435
21,2,sigmoid,0.3003562388950501,13,0.10164787282547823
21,3,sigmoid,0.30138943058852713,10,0.09522024804360461
21,4,sigmoid,0.3053788343383616,10,0.1180030396898747
21,5,sigmoid,0.32024116159172605,9,0.12914139876810027
21,6,sigmoid,0.3689902969682859,9,0.13791700074628901
21,7,sigmoid,0.47961647363421395,8,0.11647449748892262
21,8,sigmoid,0.6044669956176942,7,0.10580311485389338
21,9,sigmoid,0.6702879228786678,6,0.1265731173261903
21,10,sigmoid,0.6919571075344866,4,0.2502040630548496
21,11,sigmoid,0.6979119497225766,4,0.22316579715874815
22,1,sigmoid,0.3001044761276383,12,0.10988633385123117
22,2,sigmoid,0.3004678041060222,12,0.08183532766088596
22,3,sigmoid,0.30208805027742336,11,0.08737928022721551
22,4,sigmoid,0.30919094796401025,10,0.12304449688866183
22,5,sigmoid,0.3381397859596438,9,0.10354295640574158
22,6,sigmoid,0.42832852032984275,9,0.09316329314855537
22,7,sigmoid,0.5716714796701571,8,0.17402195605826895
22,8,sigmoid,0.6618602140403562,6,0.12667080415708254
22,9,sigmoid,0.6908090520359897,5,0.1720093562618146
22,10,sigmoid,0.6979119497225766,3,0.25000003638893176
23,1,sigmoid,0.3000911610990888,13,0.0866089673193088
23,2,sigmoid,0.3003562388950501,13,0.0906407603643259
23,3,sigmoid,0.30138943058852713,12,0.11302322417568417
23,4,sigmoid,0.3053788343383616,11,0.07266435918469012
23,5,sigmoid,0.32024116159172605,9,0.1305271039137013
23,6,sigmoid,0.3689902969682859,9,0.12745549607476586
23,7,sigmoid,0.47961647363421395,8,0.14740924685039022
23,8,sigmoid,0.6044669956176942,7,0.17285997394345667
23,9,sigmoid,0.6702879228786678,6,0.21048153880962053
23,10,sigmoid,0.6919571075344866,5,0.14247354637433474
23,11,sigmoid,0.6979119497225766,4,0.20709472852213973
24,1,sigmoid,0.3001044761276383,12,0.09395778046328881
24,2,sigmoid,0.3004678041060222,12,0.11142227275916285
24,3,sigmoid,0.30208805027742336,11,0.16196782742511828
24,4,sigmoid,0.30919094796401025,10,0.0885317304749948
24,5,sigmoid,0.3381397859596438,9,0.11443477124699544
24,6,sigmoid,0.42832852032984275,8,0.10714649230623634
24,7,sigmoid,0.5716714796701571,7,0.17378752607291625
24,8,sigmoid,0.6618602140403562,5,0.15799666075561308
24,9,sigmoid,0.6908090520359897,4,0.21807226389886972
24,10,sigmoid,0.6979119497225766,3,0.30328092363099235
25,1,sigmoid,0.3001044761276383,13,0.09821680734354964
25,2,sigmoid,0.3004678041060222,13,0.10057177972280805
25,3,sigmoid,0.30208805027742336,11,0.07782894202783425
25,4,sigmoid,0.30919094796401025,11,0.07793227120659572
25,5,sigmoid,0.3381397859596438,10,0.10040548000275809
25,6,sigmoid,0.42832852032984275,9,0.11250204084075947
25,7,sigmoid,0.5716714796701571,8,0.12241149179170185
25,8,sigmoid,0.6618602140403562,6,0.15017514275112248
25,9,sigmoid,0.6908090520359897,5,0.19498025684351247
25,10,sigmoid,0.6979119497225766,4,0.225332127741818
26,1,sigmoid,0.3009890492626539,10,0.12659480000915876
26,2,sigmoid,0.3381397859596438,8,0.12186702540493553
26,3,sigmoid,0.6270297904774574,6,0.11784687198880536
26,4,sigmoid,0.6979119497225766,3,0.2500000126545651
27,1,sigmoid,0.3001234181150166,13,0.07830831477517718
27,2,sigmoid,0.30065257129588735,12,0.12243462503987607
27,3,sigmoid,0.3034309941654848,11,0.07965955420266797
27,4,sigmoid,0.31751999908658446,10,0.07401030176940299
27,5,sigmoid,0.37807387080553606,9,0.10280161555027867
27,6,sigmoid,0.5248706003543192,9,0.1693756345677645
27,7,sigmoid,0.6487065049629923,8,0.12680913881922198
27,8,sigmoid,0.6891872367067873,6,0.19935743933751482
27,9,sigmoid,0.6979119497225766,4,0.22921443633792352
28,1,sigmoid,0.3000911610990888,12,0.0880971764948087
28,2,sigmoid,0.3003562388950501,12,0.08672170512212779
28,3,sigmoid,0.30138943058852713,10,0.1211013134678473
28,4,sigmoid,0.3053788343383616,10,0.1753200298236669
28,5,sigmoid,0.32024116159172605,9,0.10342259268587072
28,6,sigmoid,0.3689902969682859,9,0.104366071695885
28,7,sigmoid,0.47961647363421395,8,0.1437594864952534
28,8,sigmoid,0.6044669956176942,7,0.13855618820418011
28,9,sigmoid,0.6702879228786678,6,0.13714986963264877
28,10,sigmoid,0.6919571075344866,5,0.1843670507979179
28,11,sigmoid,0.6979119497225766,4,0.18518507999623549
29,1,sigmoid,0.3000911610990888,15,0.09682032383627338
29,2,sigmoid,0.3003562388950501,15,0.15738448890946724
29,3,sigmoid,0.30138943058852713,14,0.09413412535455132
29,4,sigmoid,0.3053788343383616,13,0.21659781096853303
29,5,sigmoid,0.32024116159172605,12,0.14518079256606145
29,6,sigmoid,0.3689902969682859,11,0.132296396495403
29,7,sigmoid,0.47961647363421395,10,0.10375294406281507
29,8,sigmoid,0.6044669956176942,8,0.15428134149549225
29,9,sigmoid,0.6702879228786678,7,0.16694205713195462
29,10,sigmoid,0.6919571075344866,6,0.15091403293791578
29,11,sigmoid,0.6979119497225766,4,0.24999999261666161
30,1,sigmoid,0.3001044761276383,15,0.058157499717447284
30,2,sigmoid,0.3004678041060222,15,0.1028336188913996
30,3,sigmoid,0.30208805027742336,14,0.11881998518423909
30,4,sigmoid,0.30919094796401025,13,0.16239582443331438
30,5,sigmoid,0.3381397859596438,11,0.18593831919312215
30,6,sigmoid,0.42832852032984275,10,0.11728725795340034
30,7,sigmoid,0.5716714796701571,9,0.085748008523968
30,8,sigmoid,0.6618602140403562,8,0.11886583746601675
30,9,sigmoid,0.6908090520359897,6,0.12599551236788648
30,10,sigmoid,0.6979119497225766,4,0.2291898821967321
31,1,sigmoid,0.3001044761276383,16,0.09316019307315242
31,2,sigmoid,0.3004678041060222,15,0.050821738861471503
31,3,sigmoid,0.30208805027742336,14,0.1402935632861992
31,4,sigmoid,0.30919094796401025,13,0.1625135621895504
31,5,sigmoid,0.3381397859596438,12,0.13440389208692088
31,6,sigmoid,0.42832852032984275,10,0.16239441849260067
31,7,sigmoid,0.5716714796701571,9,0.09273516652305476
31,8,sigmoid,0.6618602140403562,8,0.14413354928837066
31,9,sigmoid,0.6908090520359897,6,0.14077807148675328
31,10,sigmoid,0.6979119497225766,4,0.3333333333333333
32,1,sigmoid,0.3000911610990888,14,0.14560155998250535
32,2,sigmoid,0.3003562388950501,13,0.07025959841951564
32,3,sigmoid,0.30138943058852713,12,0.14838278419407921
32,4,sigmoid,0.3053788343383616,11,0.1884324932336644
32,5,sigmoid,0.32024116159172605,10,0.1639845147319232
32,6,sigmoid,0.3689902969682859,9,0.17774422547785507
32,7,sigmoid,0.47961647363421395,8,0.2060887662685685
32,8,sigmoid,0.6044669956176942,7,0.14676211978084183
32,9,sigmoid,0.6702879228786678,6,0.17702655587090654
32,10,sigmoid,0.6919571075344866,5,0.15418637048869935
32,11,sigmoid,0.6979119497225766,5,0.17748172118872213
33,1,sigmoid,0.3001234181150166,13,0.08603452150412923
33,2,sigmoid,0.30065257129588735,13,0.1346219357408205
33,3,sigmoid,0.3034309941654848,11,0.1681677048206589
33,4,sigmoid,0.31751999908658446,9,0.2120553474191896
33,5,sigmoid,0.37807387080553606,8,0.1618893122499986
33,6,sigmoid,0.5248706003543192,7,0.15263769178081865
33,7,sigmoid,0.6487065049629923,6,0.15177841926949162
33,8,sigmoid,0.6891872367067873,5,0.22002657090055433
33,9,sigmoid,0.6979119497225766,5,0.16873677837556736
34,1,sigmoid,0.3000911610990888,14,0.1213490485095595
34,2,sigmoid,0.3003562388950501,14,0.1058072992895044
34,3,sigmoid,0.30138943058852713,12,0.17753483649867005
34,4,sigmoid,0.3053788343383616,11,0.14148761266548773
34,5,sigmoid,0.32024116159172605,10,0.09320430259209693
34,6,sigmoid,0.3689902969682859,10,0.16391140096945095
34,7,sigmoid,0.47961647363421395,9,0.15059139008229633
34,8,sigmoid,0.6044669956176942,8,0.13911668897557794
34,9,sigmoid,0.6702879228786678,7,0.16397001717148488
34,10,sigmoid,0.6919571075344866,6,0.17300219105698106
34,11,sigmoid,0.6979119497225766,5,0.144439559127553
1,1,attention,0.7,6,0.15039839834151653
1,2,attention,0.7,6,0.1936947110096243
1,3,attention,0.7,5,0.18713303977687698
1,4,attention,0.7,4,0.23724164474743614
1,5,attention,0.7,3,0.27584993538362285
1,6,attention,0.7,2,0.5
2,1,attention,0.7,10,0.12249169436494656
2,2,attention,0.7,9,0.10331994622945946
2,3,attention,0.7,8,0.10664252007781501
2,4,attention,0.7,7,0.13708007341808753
2,5,attention,0.7,6,0.16883333629603806
2,6,attention,0.7,5,0.18823795768071577
2,7,attention,0.7,4,0.22516555685210027
2,8,attention,0.7,3,0.29246449113512185
3,1,attention,0.7,11,0.08896826072885053
3,2,attention,0.7,10,0.1030937470610529
3,3,attention,0.7,9,0.1495104501843541
3,4,attention,0.7,8,0.14705394321772683
3,5,attention,0.7,7,0.22327395187785817
3,6,attention,0.7,5,0.13283499250902414
3,7,attention,0.7,5,0.17762402612913913
3,8,attention,0.7,4,0.18754890755800627
3,9,attention,0.7,3,0.0
3,10,attention,0.7,2,0.0
4,1,attention,0.7,11,0.09450128990901305
4,2,attention,0.7,11,0.11260916924846805
4,3,attention,0.7,10,0.14216717341402335
4,4,attention,0.7,9,0.13567216236803395
4,5,attention,0.7,8,0.11684092462017959
4,6,attention,0.7,7,0.19940493959637404
4,7,attention,0.7,6,0.19201462370439942
4,8,attention,0.7,5,0.15664208885204903
4,9,attention,0.7,4,0.22918188699374975
4,10,attention,0.7,3,0.25928186020689514
5,1,attention,0.7,12,0.08643468062230378
5,2,attention,0.7,11,0.10423256688076221
5,3,attention,0.7,10,0.1333268637169627
5,4,attention,0.7,9,0.09437629518330501
5,5,attention,0.7,8,0.1401354663654268
5,6,attention,0.7,7,0.14452570498313083
5,7,attention,0.7,6,0.12499903919263748
5,8,attention,0.7,5,0.24199509207069286
5,9,attention,0.7,4,0.27749323386499436
5,10,attention,0.7,3,0.3137069392132783
6,1,attention,0.7,12,0.10322723759255546
6,2,attention,0.7,12,0.12331987943856643
6,3,attention,0.7,10,0.12876549602247814
6,4,attention,0.7,9,0.11283443802839516
6,5,attention,0.7,8,0.12499962819365681
6,6,attention,0.7,7,0.10994062723112674
6,7,attention,0.7,6,0.14497374717454356
6,8,attention,0.7,5,0.17704498241401276
6,9,attention,0.7,4,0.18662392860101643
6,10,attention,0.7,3,0.255146555314548
7,1,attention,0.7,13,0.0643398303859365
7,2,attention,0.7,11,0.14003888395519387
7,3,attention,0.7,9,0.07893165284366081
7,4,attention,0.7,9,0.10614707565216451
7,5,attention,0.7,8,0.1268855411625837
7,6,attention,0.7,7,0.11202944744885564
7,7,attention,0.7,6,0.13911242012468353
7,8,attention,0.7,5,0.22443091302945364
7,9,attention,0.7,4,0.18410935323811786
7,10,attention,0.7,3,0.33333333333333337
8,1,attention,0.7,13,0.0971278523039912
8,2,attention,0.7,13,0.10736983100787996
8,3,attention,0.7,12,0.14091669659351205
8,4,attention,0.7,11,0.10806877349683408
8,5,attention,0.7,9,0.12358970767853422
8,6,attention,0.7,8,0.13243327409126415
8,7,attention,0.7,7,0.1145334667701396
8,8,attention,0.7,6,0.14916510647171496
8,9,attention,0.7,5,0.209239275435733
8,10,attention,0.7,4,0.17289280256263106
8,11,attention,0.7,3,0.25928721468257254
9,1,attention,0.7,16,0.12561871814861064
9,2,attention,0.7,14,0.117880964163672
9,3,attention,0.7,13,0.10384646273575687
9,4,attention,0.7,11,0.15234457962925793
9,5,attention,0.7,10,0.10669177172515108
9,6,attention,0.7,9,0.14869004670143188
9,7,attention,0.7,7,0.11670626290219438
9,8,attention,0.7,5,0.17662283061623385
9,9,attention,0.7,4,0.20019372922023293
9,10,attention,0.7,3,0.28479563533319907
10,1,attention,0.7,11,0.09411804335648319
10,2,attention,0.7,11,0.09620772037947772
10,3,attention,0.7,10,0.08529910580888365
10,4,attention,0.7,9,0.1398953952408893
10,5,attention,0.7,8,0.1137853604308536
10,6,attention,0.7,7,0.14160111076188617
10,7,attention,0.7,6,0.18554097795436486
10,8,attention,0.7,5,0.16702765358218638
10,9,attention,0.7,4,0.22452183045611016
10,10,attention,0.7,3,0.31490607134431886
11,1,attention,0.7,12,0.1399653711518919
11,2,attention,0.7,11,0.07565976563348097
11,3,attention,0.7,10,0.10902391270747706
11,4,attention,0.7,9,0.09973382462380548
11,5,attention,0.7,8,0.1278460754428162
11,6,attention,0.7,7,0.09411823333485436
11,7,attention,0.7,6,0.20348883114716282
11,8,attention,0.7,5,0.2735730099322446
11,9,attention,0.7,4,0.19599694388889555
11,10,attention,0.7,3,0.25450267332238663
12,1,attention,0.7,11,0.09555285605167106
12,2,attention,0.7,11,0.17360561554459003
12,3,attention,0.7,10,0.08508668092137923
12,4,attention,0.7,9,0.11407075814534662
12,5,attention,0.7,8,0.19115277482004642
12,6,attention,0.7,7,0.13639162414400482
12,7,attention,0.7,6,0.24235259069089912
12,8,attention,0.7,5,0.1738244664417038
12,9,attention,0.7,4,0.18299807918267819
12,10,attention,0.7,3,0.33333333333333337
13,1,attention,0.7,12,0.11523166776940674
13,2,attention,0.7,11,0.11962985169305343
13,3,attention,0.7,10,0.10842997905055564
13,4,attention,0.7,9,0.11355881230108873
13,5,attention,0.7,8,0.09520377264370632
13,6,attention,0.7,7,0.1594668435844658
13,7,attention,0.7,6,0.1491899044390914
13,8,attention,0.7,5,0.12581453408255294
13,9,attention,0.7,4,0.21483955232107577
13,10,attention,0.7,3,0.25000001545103834
14,1,attention,0.7,12,0.12868426239672107
14,2,attention,0.7,12,0.10460344908407747
14,3,attention,0.7,11,0.1306301720124285
14,4,attention,0.7,10,0.12762180198161482
14,5,attention,0.7,9,0.12879435540292694
14,6,attention,0.7,8,0.11535061150826531
14,7,attention,0.7,7,0.11063036857400477
14,8,attention,0.7,6,0.13052541000613105
14,9,attention,0.7,4,0.23726713737486213
14,10,attention,0.7,3,0.33333333333333337
15,1,attention,0.7,13,0.07088735800698687
15,2,attention,0.7,12,0.1003239043161165
15,3,attention,0.7,11,0.11683948337529922
15,4,attention,0.7,9,0.13197857926088158
15,5,attention,0.7,8,0.11133470911602057
15,6,attention,0.7,8,0.1360292599434505
15,7,attention,0.7,7,0.1105253572891624
15,8,attention,0.7,7,0.1002828764995663
15,9,attention,0.7,5,0.1517970530063526
15,10,attention,0.7,3,0.2517076175477607
16,1,attention,0.7,12,0.0598800038125972
16,2,attention,0.7,12,0.11201431678479766
16,3,attention,0.7,11,0.1179739972601257
16,4,attention,0.7,10,0.1349244973162769
16,5,attention,0.7,9,0.12728261503671942
16,6,attention,0.7,8,0.1173892828835689
16,7,attention,0.7,7,0.10914627125085408
16,8,attention,0.7,6,0.13813185277352705
16,9,attention,0.7,5,0.18444212911933594
16,10,attention,0.7,4,0.2774901710568927
17,1,attention,0.7,12,0.07342085523934673
17,2,attention,0.7,12,0.1259740522005134
17,3,attention,0.7,11,0.11833421115294393
17,4,attention,0.7,10,0.1102022886914101
17,5,attention,0.7,9,0.09690567853087187
17,6,attention,0.7,8,0.12721296202201035
17,7,attention,0.7,8,0.15836528543040643
17,8,attention,0.7,7,0.17746061538737845
17,9,attention,0.7,6,0.1109028857880305
17,10,attention,0.7,5,0.185932561916916
17,11,attention,0.7,4,0.18192710966263712
18,1,attention,0.7,12,0.0743264563467405
18,2,attention,0.7,11,0.11958344974897048
18,3,attention,0.7,9,0.10514243179055043
18,4,attention,0.7,9,0.0744375216043155
18,5,attention,0.7,9,0.10355083460075866
18,6,attention,0.7,8,0.12817497280832474
18,7,attention,0.7,7,0.1035062174916912
18,8,attention,0.7,6,0.20148481797843734
18,9,attention,0.7,5,0.1594697756798375
18,10,attention,0.7,4,0.2205959230559846
19,1,attention,0.7,13,0.09496631935057316
19,2,attention,0.7,12,0.10444644663244405
19,3,attention,0.7,11,0.10385361439312298
19,4,attention,0.7,10,0.1277698183126878
19,5,attention,0.7,9,0.12998332103710908
19,6,attention,0.7,9,0.12132823669529785
19,7,attention,0.7,8,0.1277077279496491
19,8,attention,0.7,7,0.14297654052229442
19,9,attention,0.7,6,0.17013706256775746
19,10,attention,0.7,5,0.1560222011745969
19,11,attention,0.7,4,0.17359548128128025
20,1,attention,0.7,12,0.1027290206999683
20,2,attention,0.7,12,0.08907238324690124
20,3,attention,0.7,11,0.14775355388984096
20,4,attention,0.7,10,0.11503106768818139
20,5,attention,0.7,9,0.1816410581768829
20,6,attention,0.7,8,0.12957841766209904
20,7,attention,0.7,7,0.12637240011361292
20,8,attention,0.7,6,0.2140875805283748
20,9,attention,0.7,4,0.18267219468092236
20,10,attention,0.7,3,0.33333333333333337
21,1,attention,0.7,13,0.13936070154537356
21,2,attention,0.7,13,0.10147894476901836
21,3,attention,0.7,10,0.09499474164975388
21,4,attention,0.7,10,0.1177652936849902
21,5,attention,0.7,9,0.12904214298452094
21,6,attention,0.7,9,0.1371700606191807
21,7,attention,0.7,8,0.10868040482573679
21,8,attention,0.7,7,0.1058061308581739
21,9,attention,0.7,6,0.1331517137745491
21,10,attention,0.7,4,0.2501987255446175
21,11,attention,0.7,4,0.22304242233932461
22,1,attention,0.7,12,0.10955760632161163
22,2,attention,0.7,12,0.08171907076572303
22,3,attention,0.7,11,0.08727471193991826
22,4,attention,0.7,10,0.15606833284226124
22,5,attention,0.7,9,0.10341134934995003
22,6,attention,0.7,9,0.09302817676746696
22,7,attention,0.7,8,0.1719617834586955
22,8,attention,0.7,6,0.12635262095034056
22,9,attention,0.7,5,0.17200907719976982
22,10,attention,0.7,3,0.2500000360011086
23,1,attention,0.7,13,0.08633807307015416
23,2,attention,0.7,13,0.11170754489429406
23,3,attention,0.7,12,0.11315776423562042
23,4,attention,0.7,11,0.07248051264815991
23,5,attention,0.7,9,0.1308524450202192
23,6,attention,0.7,9,0.1274814317872835
23,7,attention,0.7,8,0.15338291945222057
23,8,attention,0.7,7,0.1632200207946737
23,9,attention,0.7,6,0.21047565981829877
23,10,attention,0.7,5,0.14269852720856852
23,11,attention,0.7,4,0.20709508727390055
24,1,attention,0.7,12,0.09374944156515727
24,2,attention,0.7,12,0.11147225751697874
24,3,attention,0.7,11,0.16229533399600557
24,4,attention,0.7,10,0.08852410295176634
24,5,attention,0.7,9,0.13819891794012654
24,6,attention,0.7,8,0.14028850749254887
24,7,attention,0.7,7,0.1543098439169904
24,8,attention,0.7,5,0.15800249921118287
24,9,attention,0.7,4,0.21375299773672962
24,10,attention,0.7,3,0.3032812471124809
25,1,attention,0.7,13,0.09795013466519838
25,2,attention,0.7,13,0.1001757949048992
25,3,attention,0.7,11,0.0776719852705593
25,4,attention,0.7,11,0.08836801280877901
25,5,attention,0.7,10,0.11863766031133333
25,6,attention,0.7,9,0.11237777068263265
25,7,attention,0.7,8,0.1224436484485921
25,8,attention,0.7,6,0.1468644457796769
25,9,attention,0.7,5,0.193237416422125
25,10,attention,0.7,4,0.2253319942243683
26,1,attention,0.7,10,0.15733318208456037
26,2,attention,0.7,8,0.11057843958699808
26,3,attention,0.7,6,0.11784191040032099
26,4,attention,0.7,3,0.2500000124802315
27,1,attention,0.7,13,0.10733451022203784
27,2,attention,0.7,12,0.13894107676353976
27,3,attention,0.7,11,0.10139024358846618
27,4,attention,0.7,10,0.08407878773438446
27,5,attention,0.7,9,0.10260491502514053
27,6,attention,0.7,9,0.17051613373840507
27,7,attention,0.7,8,0.11799129743997883
27,8,attention,0.7,6,0.19899369342302617
27,9,attention,0.7,4,0.22921410558919217
28,1,attention,0.7,12,0.08809558886980606
28,2,attention,0.7,12,0.07584531364616977
28,3,attention,0.7,10,0.12050077464309683
28,4,attention,0.7,10,0.15506895097959095
28,5,attention,0.7,9,0.10335139296516
28,6,attention,0.7,9,0.1042604086307805
28,7,attention,0.7,8,0.10890034195616975
28,8,attention,0.7,7,0.1283255392014572
28,9,attention,0.7,6,0.13123253459327938
28,10,attention,0.7,5,0.1831574234080533
28,11,attention,0.7,4,0.18518508058238103
29,1,attention,0.7,15,0.09672760252122495
29,2,attention,0.7,15,0.08563880239723384
29,3,attention,0.7,14,0.07710348319324403
29,4,attention,0.7,13,0.11782418951924474
29,5,attention,0.7,12,0.07617150205772506
29,6,attention,0.7,11,0.14438619446529155
29,7,attention,0.7,10,0.0733098494738223
29,8,attention,0.7,8,0.12349764465742498
29,9,attention,0.7,7,0.1657616303754011
29,10,attention,0.7,6,0.1509339103619454
29,11,attention,0.7,4,0.24999999266769568
30,1,attention,0.7,15,0.05801821351153448
30,2,attention,0.7,15,0.06238498923719892
30,3,attention,0.7,14,0.10523539945944645
30,4,attention,0.7,13,0.08956433726835657
30,5,attention,0.7,11,0.08971675347416773
30,6,attention,0.7,10,0.09505986108057009
30,7,attention,0.7,9,0.07889198763802571
30,8,attention,0.7,8,0.1310151941742383
30,9,attention,0.7,6,0.12689299467168183
30,10,attention,0.7,4,0.22918972159666737
31,1,attention,0.7,16,0.09218848427296093
31,2,attention,0.7,15,0.10533551565033547
31,3,attention,0.7,14,0.10922475121614157
31,4,attention,0.7,13,0.09715032267367542
31,5,attention,0.7,12,0.1300129314394806
31,6,attention,0.7,10,0.08583920154340757
31,7,attention,0.7,9,0.09183822868397228
31,8,attention,0.7,8,0.13667746342895462
31,9,attention,0.7,6,0.14042236185348883
31,10,attention,0.7,4,0.3333333333333333
32,1,attention,0.7,14,0.12033344108115236
32,2,attention,0.7,13,0.11088985837757721
32,3,attention,0.7,12,0.14028149338975762
32,4,attention,0.7,11,0.10901058614985515
32,5,attention,0.7,10,0.1286491030776123
32,6,attention,0.7,9,0.1271796308904618
32,7,attention,0.7,8,0.17755725456473379
32,8,attention,0.7,7,0.12931019338613184
32,9,attention,0.7,6,0.17653270094780804
32,10,attention,0.7,5,0.15418987402434176
32,11,attention,0.7,5,0.17748219942943827
33,1,attention,0.7,13,0.08597652659622086
33,2,attention,0.7,13,0.10366348949184932
33,3,attention,0.7,11,0.10240633672356855
33,4,attention,0.7,9,0.10946988418072506
33,5,attention,0.7,8,0.15785956243689753
33,6,attention,0.7,7,0.16551145862617364
33,7,attention,0.7,6,0.15126217332000116
33,8,attention,0.7,5,0.220025645741766
33,9,attention,0.7,5,0.16873686963919207
34,1,attention,0.7,14,0.12142487790200332
34,2,attention,0.7,14,0.10569222415749106
34,3,attention,0.7,12,0.09011628349253095
34,4,attention,0.7,11,0.07739981878419323
34,5,attention,0.7,10,0.09290261360264424
34,6,attention,0.7,10,0.10316669361649115
34,7,attention,0.7,9,0.11237313174724133
34,8,attention,0.7,8,0.1232128135612007
34,9,attention,0.7,7,0.15978325313542718
34,10,attention,0.7,6,0.16865924910435523
34,11,attention,0.7,5,0.14443959285318492
