season,week,n_contestants,original_rule,true_k,true_eliminated,rank_eliminated,pct_eliminated,rank_bottom2,pct_bottom2,method_conflict,kendall_tau,rank_bias,pct_bias,rank_ndcg,pct_ndcg,rank_phi_J,rank_phi_F,pct_phi_J,pct_phi_F
1,1,6,rank,0,[],[],[],[],[],False,0.9999999999999999,0.46852871754523995,0.3895657491073493,1.0,1.0,7.505555555555556,6.616666666666667,0.000895355988255822,0.0005713965521635996
1,2,6,rank,1,['Trista Sutter'],['Evander Holyfield'],['Kelly Monaco'],"['Evander Holyfield', 'Kelly Monaco']","['Kelly Monaco', 'Trista Sutter']",True,0.7745966692414834,0.5,0.49205226876318053,0.9782989848591385,1.0,4.816666666666666,4.816666666666666,0.0017259874020566243,0.001671975214793653
1,3,5,rank,1,['Evander Holyfield'],['Evander Holyfield'],['Kelly Monaco'],"['Evander Holyfield', 'Kelly Monaco']","['Kelly Monaco', 'Joey McIntyre']",True,0.7745966692414834,0.5,0.5756390089958328,0.9993887843559727,0.9815380445109696,3.25,3.25,0.0017488828811804786,0.002372332117969395
1,4,4,rank,1,['Rachel Hunter'],['Joey McIntyre'],"[""John O'Hurley""]","['Joey McIntyre', ""John O'Hurley""]","[""John O'Hurley"", 'Joey McIntyre']",True,0.912870929175277,0.5,0.8179473820306862,1.0,0.9876709591202906,0.5833333333333334,0.5833333333333334,0.0012734482081252288,0.005721497661534702
1,5,3,rank,0,[],[],[],[],[],False,1.0,0.5,0.44830813279585596,1.0,1.0,1.6666666666666665,1.6666666666666665,0.001507108544097221,0.0012246854766029998
1,6,2,rank,0,[],[],[],[],[],False,1.0,0.5,0.46961244696256316,1.0,1.0,0.75,0.75,5.6111828536716346e-05,4.9682186076510736e-05
2,1,10,rank,1,['Kenny Mayne'],['Master P'],['Lisa Rinna'],"['Master P', 'Kenny Mayne']","['Lisa Rinna', 'Tia Carrere']",True,0.15075567228888181,0.8629032258064524,0.3585263118868087,0.5194714068885262,0.8083427399110877,-0.2266666666666648,-1.426666666666664,-0.00015567836385822748,8.701025571108717e-05
2,2,9,rank,1,"[""Tatum O'Neal""]",['Master P'],['Master P'],"['Master P', 'Lisa Rinna']","['Master P', 'Lisa Rinna']",False,0.5229763603684908,0.5045024763619991,0.7406217111139264,0.9996097105194185,0.795987251480378,6.79320987654321,6.916666666666667,0.00029988310750986904,0.0008562780684996863
2,3,8,rank,1,['Giselle Fernandez'],['Master P'],['Master P'],"['Master P', 'Lisa Rinna']","['Master P', 'Lisa Rinna']",False,0.5604485383178051,0.4860834990059642,0.661548459570494,0.9935668519918364,0.9056247593485083,4.616071428571429,4.366071428571429,0.00030680665056085287,0.0005996943219905064
2,4,7,rank,1,['Master P'],['George Hamilton'],['George Hamilton'],"['George Hamilton', 'Jerry Rice']","['George Hamilton', 'Jerry Rice']",False,0.7378647873726218,0.48247078464106846,0.8938293519011754,0.9397086679304216,1.0,4.217687074829932,3.931972789115646,0.00010132072596734636,0.0008529988320430386
2,5,6,rank,1,['Tia Carrere'],['Tia Carrere'],['Tia Carrere'],"['Tia Carrere', 'Jerry Rice']","['Tia Carrere', 'Jerry Rice']",False,0.7745966692414834,0.5,0.7376236683034105,1.0,0.7445427447259095,4.816666666666666,4.816666666666666,0.0009084993721395337,0.002554081899063378
2,6,5,rank,1,['George Hamilton'],['Lisa Rinna'],['George Hamilton'],"['Lisa Rinna', 'George Hamilton']","['George Hamilton', 'Jerry Rice']",True,0.37796447300922725,0.5571428571428572,0.7699394406545712,0.9528158034292583,1.0,1.2400000000000002,1.56,0.0009068127968040155,0.0030348137009498415
2,7,4,rank,1,['Lisa Rinna'],['Jerry Rice'],['Jerry Rice'],"['Jerry Rice', 'Lisa Rinna']","['Jerry Rice', 'Lisa Rinna']",False,0.8944271909999159,0.5,0.7326978026912084,1.0,1.0,3.6041666666666665,3.6041666666666665,0.0020108341967070118,0.0055118656424718825
2,8,3,rank,0,[],[],[],[],[],False,1.0,0.5,0.4471799513486975,1.0,1.0,1.6666666666666665,1.6666666666666665,0.0003210987152032219,0.00025973896603970014
3,1,11,percent,1,['Tucker Carlson'],['Tucker Carlson'],['Tucker Carlson'],"['Tucker Carlson', 'Sara Evans']","['Tucker Carlson', 'Sara Evans']",False,1.0,0.49479206851323204,0.3291718040295444,1.0,1.0,21.646280991735537,21.200000000000003,0.0005360962753404321,0.0002630595719549947
3,2,10,percent,1,['Shanna Moakler'],['Shanna Moakler'],['Shanna Moakler'],"['Shanna Moakler', 'Jerry Springer']","['Shanna Moakler', 'Jerry Springer']",False,1.0,0.49325766174801366,0.342395850558104,0.9981376172005827,0.9981376172005827,12.401111111111112,12.071111111111112,0.0002100515658690041,0.00010936789954536926
3,3,9,percent,1,['Harry Hamlin'],['Jerry Springer'],['Harry Hamlin'],"['Jerry Springer', 'Emmitt Smith']","['Harry Hamlin', 'Emmitt Smith']",True,0.8733260632194672,0.5011880011880013,0.3527828334205162,0.9914449395637253,0.9995576717861502,10.367283950617283,10.416666666666668,0.00022800831437298053,0.0001242819618228675
3,4,8,percent,1,['Vivica A. Fox'],['Jerry Springer'],['Vivica A. Fox'],"['Jerry Springer', 'Sara Evans']","['Vivica A. Fox', 'Sara Evans']",True,0.836501912571304,0.5118099608584155,0.36253458913626074,0.9900452059604422,0.9964217558184753,8.073660714285714,8.464285714285714,0.00029541466611940944,0.00016800603261173393
3,5,7,percent,1,['Willa Ford'],['Sara Evans'],['Willa Ford'],"['Sara Evans', 'Joey Lawrence']","['Willa Ford', 'Sara Evans']",True,0.5855400437691199,0.44809688581314877,0.36277761359456817,0.96472218075648,0.9910040629837533,7.595238095238095,6.166666666666666,4.5863437534915414e-05,2.6110552257927288e-05
3,6,5,percent,0,[],[],[],[],[],False,0.9999999999999999,0.5,0.40873954896292036,1.0,1.0,4.5,4.5,0.0013950776717747448,0.0009644200239154674
3,7,5,percent,1,['Jerry Springer'],['Jerry Springer'],['Jerry Springer'],"['Jerry Springer', 'Monique Coleman']","['Jerry Springer', 'Monique Coleman']",False,1.0,0.5,0.40826708381539395,1.0,1.0,5.76,5.76,0.0004303387755189298,0.0002969129350901091
3,8,4,percent,1,['Monique Coleman'],['Monique Coleman'],['Monique Coleman'],"['Monique Coleman', 'Emmitt Smith']","['Monique Coleman', 'Emmitt Smith']",False,1.0,0.5,0.4288076903576789,1.0,1.0,2.770833333333333,2.770833333333333,9.254598698107299e-05,6.947647974125563e-05
3,9,3,percent,0,[],[],[],[],[],False,,0.5,0.5,0.0,0.0,0.0,0.0,0.0,0.0
3,10,2,percent,0,[],[],[],[],[],False,,0.5,0.5,0.0,0.0,0.0,0.0,0.0,0.0
4,1,11,percent,0,[],[],[],[],[],False,0.9999999999999999,0.49924735633914125,0.32962891596062716,1.0,1.0,21.99421487603306,21.928099173553722,0.00037248443537546264,0.00018315473857432774
4,2,11,percent,1,['Paulina Porizkova'],['Shandi Finnessey'],['Paulina Porizkova'],"['Shandi Finnessey', 'Paulina Porizkova']","['Paulina Porizkova', 'Clyde Drexler']",True,0.9272727272727274,0.5190065238608927,0.32972187617780085,0.9976601418003339,0.9994167313393373,15.476859504132236,16.700000000000003,0.00015569099810226433,7.658720488376001e-05
4,3,10,percent,1,['Shandi Finnessey'],['John Ratzenberger'],['Shandi Finnessey'],"['John Ratzenberger', 'Shandi Finnessey']","['Shandi Finnessey', 'Clyde Drexler']",True,0.9069767441860466,0.4708751793400287,0.3307829814833443,0.9883524921576905,1.0,18.44,16.41,0.00014968350833836032,7.398609987055725e-05
4,4,9,percent,1,['Leeza Gibbons'],['Clyde Drexler'],['Leeza Gibbons'],"['Clyde Drexler', 'Leeza Gibbons']","['Leeza Gibbons', 'Clyde Drexler']",True,0.9860132971832694,0.5139759036144579,0.3524395276190711,0.9990764320593213,1.0,12.450617283950617,13.166666666666668,0.0008435864715865152,0.00045912811271299345
4,5,8,percent,1,['Clyde Drexler'],['Clyde Drexler'],['Clyde Drexler'],"['Clyde Drexler', 'Billy Ray Cyrus']","['Clyde Drexler', 'Billy Ray Cyrus']",False,0.9999999999999998,0.5,0.36439945121902606,1.0,1.0,11.25,11.25,0.0015525906236575418,0.0008901237928659717
4,6,7,percent,1,['Heather Mills'],['Billy Ray Cyrus'],['Heather Mills'],"['Billy Ray Cyrus', 'Heather Mills']","['Heather Mills', 'John Ratzenberger']",True,0.8783100656536799,0.47879417879417885,0.37624983028772585,0.9964493887786847,0.9952843064365657,8.52721088435374,7.833333333333332,0.0005537139859256306,0.00033400358564801704
4,7,6,percent,1,['John Ratzenberger'],['Billy Ray Cyrus'],['John Ratzenberger'],"['Billy Ray Cyrus', 'John Ratzenberger']","['John Ratzenberger', 'Billy Ray Cyrus']",True,0.9660917830792959,0.47925311203319504,0.3902294935106978,0.9917476196399573,1.0,6.972222222222221,6.416666666666666,0.0009779981493792268,0.000625880914909995
4,8,5,percent,1,['Billy Ray Cyrus'],['Billy Ray Cyrus'],['Billy Ray Cyrus'],"['Billy Ray Cyrus', 'Ian Ziering']","['Billy Ray Cyrus', 'Ian Ziering']",False,0.9999999999999999,0.5,0.40806030702654494,1.0,1.0,4.5,4.5,0.0014515181241406385,0.0010006203983654548
4,9,4,percent,1,['Ian Ziering'],['Ian Ziering'],['Ian Ziering'],"['Ian Ziering', 'Apolo Anton Ohno']","['Ian Ziering', 'Apolo Anton Ohno']",False,1.0,0.4668769716088328,0.42811944356293646,1.0,1.0,3.520833333333333,3.083333333333333,2.3887590576113522e-05,1.7882653764659748e-05
4,10,3,percent,0,[],[],[],[],[],False,1.0,0.5,0.4477424920747529,1.0,1.0,1.6666666666666665,1.6666666666666665,4.9959945734641595e-05,4.0505000450217005e-05
5,1,12,percent,1,['Josie Maran'],['Josie Maran'],['Josie Maran'],"['Josie Maran', 'Floyd Mayweather Jr.']","['Josie Maran', 'Floyd Mayweather Jr.']",False,0.9999999999999999,0.5080449262113099,0.319008537922561,1.0,1.0,23.780934343434346,24.55871212121212,0.00017897881925945454,8.384212524029008e-05
5,2,11,percent,1,['Albert Reed'],['Mark Cuban'],['Albert Reed'],"['Mark Cuban', 'Albert Reed']","['Albert Reed', 'Wayne Newton']",True,0.9159278516836723,0.5314885496183206,0.326282828143346,0.9980091514393805,0.9976468361208254,12.173553719008263,13.809917355371898,0.00023286361905216997,0.00011277640435770696
5,3,10,percent,1,['Wayne Newton'],['Wayne Newton'],['Wayne Newton'],"['Wayne Newton', 'Mark Cuban']","['Wayne Newton', 'Mark Cuban']",False,1.0,0.4819463269178639,0.3389202306162472,1.0,1.0,21.234444444444446,19.754444444444445,0.00026289061716999236,0.00013477790839244388
5,4,9,percent,1,['Floyd Mayweather Jr.'],['Mark Cuban'],['Floyd Mayweather Jr.'],"['Mark Cuban', 'Floyd Mayweather Jr.']","['Floyd Mayweather Jr.', 'Mark Cuban']",True,0.9851843661437779,0.49529562707152786,0.3522457623817635,0.9981338900890907,1.0,14.569444444444445,14.29783950617284,0.00014023549127635196,7.625941239574385e-05
5,5,8,percent,1,['Mark Cuban'],['Marie Osmond'],['Marie Osmond'],"['Marie Osmond', 'Mark Cuban']","['Marie Osmond', 'Mark Cuban']",False,1.0,0.4947994056463596,0.3654516011892194,1.0,1.0,9.866071428571427,9.662946428571427,0.00032418636434299313,0.00018670668172024967
5,6,7,percent,1,['Sabrina Bryan'],['Marie Osmond'],['Sabrina Bryan'],"['Marie Osmond', 'Jane Seymour']","['Sabrina Bryan', 'Jane Seymour']",True,0.7807200583588265,0.5058997050147492,0.3783144098133403,0.9886162932056666,0.9974662499747102,6.836734693877549,6.999999999999999,0.0003146345400429838,0.00019146459593428003
5,7,6,percent,1,['Jane Seymour'],['Jane Seymour'],['Jane Seymour'],"['Jane Seymour', 'Cameron Mathison']","['Jane Seymour', 'Cameron Mathison']",False,1.0,0.5,0.3945121918502047,1.0,1.0,6.355555555555556,6.355555555555556,2.995761666515664e-05,1.9519212202296368e-05
5,8,5,percent,1,['Cameron Mathison'],['Marie Osmond'],['Cameron Mathison'],"['Marie Osmond', 'Jennie Garth']","['Cameron Mathison', 'Marie Osmond']",True,0.8366600265340755,0.5,0.4102472718156161,0.9830774960511447,0.9948817144080534,3.5,3.5,0.0002700216196813944,0.0001878340319790642
5,9,4,percent,1,['Jennie Garth'],['Marie Osmond'],['Jennie Garth'],"['Marie Osmond', 'Jennie Garth']","['Jennie Garth', 'Marie Osmond']",True,0.912870929175277,0.4631578947368421,0.4247615783939336,0.9800889190382928,1.0,3.1875,2.75,7.713437425428452e-05,5.695676318908243e-05
5,10,3,percent,0,[],[],[],[],[],False,1.0,0.5,0.4464046823743457,1.0,1.0,1.6666666666666665,1.6666666666666665,0.002029520466448085,0.0016365518463608603
6,1,12,percent,0,[],[],[],[],[],False,1.0,0.49447295432315463,0.3197164469776745,1.0,1.0,23.818813131313135,23.2979797979798,0.0003468157141930607,0.00016299480915745593
6,2,12,percent,2,"['Penn Jillette', 'Monica Seles']","['Monica Seles', 'Steve Guttenberg']","['Monica Seles', 'Steve Guttenberg']","['Monica Seles', 'Steve Guttenberg']","['Monica Seles', 'Steve Guttenberg']",False,1.0,0.49741450229169115,0.31912025175319314,1.0,1.0,26.998106060606062,26.720328282828284,0.0003676059596839789,0.00017229254754953078
6,3,10,percent,1,['Steve Guttenberg'],['Marissa Jaret Winokur'],['Steve Guttenberg'],"['Marissa Jaret Winokur', 'Steve Guttenberg']","['Steve Guttenberg', 'Marissa Jaret Winokur']",True,0.9885710532241613,0.5398193946544448,0.34121006306090296,0.9975204389782604,1.0,11.267777777777777,13.217777777777776,0.0001780740050468719,9.223067792118967e-05
6,4,9,percent,1,['Adam Carolla'],['Adam Carolla'],['Adam Carolla'],"['Adam Carolla', 'Priscilla Presley']","['Adam Carolla', 'Priscilla Presley']",False,0.9999999999999999,0.5,0.35189820071374733,1.0,1.0,14.219135802469136,14.219135802469136,0.0003138177599684255,0.00017039283829565818
6,5,8,percent,1,['Priscilla Presley'],['Priscilla Presley'],['Priscilla Presley'],"['Priscilla Presley', 'Marlee Matlin']","['Priscilla Presley', 'Marlee Matlin']",False,1.0,0.5062330115287281,0.36701388253833295,1.0,1.0,11.758928571428571,12.055803571428571,0.00029847722937793414,0.0001730611205859726
6,6,7,percent,1,['Marlee Matlin'],['Marlee Matlin'],['Marlee Matlin'],"['Marlee Matlin', 'Shannon Elizabeth']","['Marlee Matlin', 'Shannon Elizabeth']",False,1.0,0.5138422818791947,0.3792331849558958,1.0,1.0,7.8843537414965965,8.333333333333332,0.00039687482179914715,0.0002424551362156833
6,7,6,percent,1,['Shannon Elizabeth'],['Shannon Elizabeth'],['Shannon Elizabeth'],"['Shannon Elizabeth', 'Cristian de la Fuente']","['Shannon Elizabeth', 'Cristian de la Fuente']",False,0.9660917830792959,0.5199020208205756,0.38795812013296227,1.0,1.0,4.355555555555556,4.716666666666667,0.00010835573645116191,6.868400546110971e-05
6,8,5,percent,1,['Mario'],['Marissa Jaret Winokur'],['Mario'],"['Marissa Jaret Winokur', 'Jason Taylor']","['Mario', 'Marissa Jaret Winokur']",True,0.8366600265340755,0.5,0.40826925861634106,0.9662871640752764,1.0,3.5,3.5,0.00012394868011194097,8.551936243408027e-05
6,9,4,percent,1,['Marissa Jaret Winokur'],['Marissa Jaret Winokur'],['Marissa Jaret Winokur'],"['Marissa Jaret Winokur', 'Jason Taylor']","['Marissa Jaret Winokur', 'Jason Taylor']",False,1.0,0.5,0.42768990837751164,1.0,1.0,2.9166666666666665,2.9166666666666665,0.00014098973077995454,0.00010536226063828394
6,10,3,percent,0,[],[],[],[],[],False,1.0,0.5,0.44724413078359804,1.0,1.0,1.6666666666666665,1.6666666666666665,0.0008202594242087365,0.000663685785403516
7,1,13,percent,2,"['Ted McGinley', 'Jeffrey Ross']","['Jeffrey Ross', 'Cloris Leachman']","['Jeffrey Ross', 'Cloris Leachman']","['Jeffrey Ross', 'Cloris Leachman']","['Jeffrey Ross', 'Cloris Leachman']",False,0.9999999999999998,0.500104748603352,0.3066592947108517,1.0,1.0,28.238658777120314,28.25049309664694,0.00021381793352430011,9.457003777637557e-05
7,2,11,percent,1,['Kim Kardashian'],['Cloris Leachman'],['Kim Kardashian'],"['Cloris Leachman', 'Rocco DiSpirito']","['Kim Kardashian', 'Cloris Leachman']",True,0.9723448696087955,0.4848087805248566,0.32795452364092703,0.9953098694540281,0.9987297050186166,22.422314049586777,21.1,0.000262403863936779,0.00012805165308923993
7,3,9,percent,0,[],[],[],[],[],False,0.9999999999999999,0.5,0.35288968249294717,1.0,1.0,13.589506172839505,13.589506172839505,0.0004058120776023013,0.00022130213557492617
7,4,9,percent,1,['Rocco DiSpirito'],['Rocco DiSpirito'],['Rocco DiSpirito'],"['Rocco DiSpirito', 'Maurice Greene']","['Rocco DiSpirito', 'Maurice Greene']",False,0.9999999999999999,0.5063789070805869,0.35238146256208697,1.0,1.0,14.330246913580247,14.700617283950617,0.00023245984938512974,0.0001264857890531702
7,5,8,percent,1,['Toni Braxton'],['Cloris Leachman'],['Cloris Leachman'],"['Cloris Leachman', 'Toni Braxton']","['Cloris Leachman', 'Toni Braxton']",False,0.5400617248673217,0.577373211963589,0.9480511318756649,1.0,0.5077723337852691,2.9017857142857144,3.9642857142857144,9.32283616156932e-05,0.001701389403540601
7,6,7,percent,1,['Cloris Leachman'],['Cloris Leachman'],['Cloris Leachman'],"['Cloris Leachman', 'Maurice Greene']","['Cloris Leachman', 'Maurice Greene']",False,1.0,0.5,0.37465062433169477,1.0,1.0,8.312925170068027,8.312925170068027,0.0009028458634712518,0.0005409004623428398
7,7,6,percent,1,['Susan Lucci'],['Warren Sapp'],['Susan Lucci'],"['Warren Sapp', 'Cody Linley']","['Susan Lucci', 'Cody Linley']",True,0.8944271909999159,0.48698532891623275,0.393129113277909,0.9839539290194269,1.0,6.022222222222223,5.716666666666667,0.0005979840255984329,0.00038737223169105586
7,8,5,percent,1,['Maurice Greene'],['Maurice Greene'],['Maurice Greene'],"['Maurice Greene', 'Cody Linley']","['Maurice Greene', 'Cody Linley']",False,0.9999999999999999,0.5434782608695653,0.41106487680983433,1.0,1.0,3.36,4.0,0.00024829212709740535,0.00017330291337572406
7,9,4,percent,1,['Cody Linley'],['Cody Linley'],['Cody Linley'],"['Cody Linley', 'Brooke Burke']","['Cody Linley', 'Brooke Burke']",False,1.0,0.5,0.4296448315711498,1.0,1.0,2.770833333333333,2.770833333333333,0.0008089592773342258,0.0006093837519095613
7,10,3,percent,0,[],[],[],[],[],False,0.9999999999999999,0.5,0.44813800408083815,1.0,1.0,0.5555555555555556,0.5555555555555556,0.00041458985276595733,0.00033666654073769594
8,1,13,percent,0,[],[],[],[],[],False,0.9999999999999998,0.5,0.30972997146430264,1.0,1.0,29.536489151873766,29.536489151873766,0.0002697427786182212,0.00012103585505712379
8,2,13,percent,1,['Belinda Carlisle'],['Steve Wozniak'],['Belinda Carlisle'],"['Steve Wozniak', 'David Alan Grier']","['Belinda Carlisle', 'Steve-O']",True,0.9091675835657294,0.5116299982015466,0.3092047163542449,0.9958285851396057,0.9994351080316343,24.10207100591716,25.25,0.00026210291165005195,0.00011731906452033003
8,3,12,percent,1,['Denise Richards'],['Steve-O'],['Denise Richards'],"['Steve-O', 'Denise Richards']","['Denise Richards', 'Steve Wozniak']",True,0.9612691930663656,0.4870327143912824,0.3118662558357335,0.9963898359668941,1.0,27.60858585858586,26.212752525252526,0.0006127032848883486,0.0002776807285165926
8,4,11,percent,2,"['Holly Madison', 'Steve Wozniak']","['Steve Wozniak', 'Steve-O']","['Steve Wozniak', 'Holly Madison']","['Steve Wozniak', 'Steve-O']","['Steve Wozniak', 'Holly Madison']",True,0.9906974722292782,0.4970352215677748,0.3274540943957571,0.999321975652162,1.0,21.030578512396694,20.78264462809917,0.0008231742209575784,0.0004007931158415429
8,5,9,percent,1,['David Alan Grier'],['Lawrence Taylor'],['David Alan Grier'],"['Lawrence Taylor', 'David Alan Grier']","['David Alan Grier', 'Steve-O']",True,0.8733260632194672,0.48960425280567044,0.35067477838245775,0.9979154028240828,0.997440316347836,13.334876543209877,12.791666666666668,0.00034982382874299716,0.00018892596426757868
8,6,8,percent,1,['Steve-O'],['Steve-O'],['Steve-O'],"['Steve-O', 'Ty Murray']","['Steve-O', 'Ty Murray']",False,1.0,0.5,0.3627035610087879,1.0,1.0,11.752232142857142,11.752232142857142,0.0007840569337256771,0.0004462291399997226
8,7,7,percent,1,['Lawrence Taylor'],['Lawrence Taylor'],['Lawrence Taylor'],"['Lawrence Taylor', 'Ty Murray']","['Lawrence Taylor', 'Ty Murray']",False,1.0,0.5,0.3773135630077905,1.0,1.0,8.931972789115646,8.931972789115646,0.00031855948430962826,0.00019302943972151102
8,8,6,percent,1,['Chuck Wicks'],['Chuck Wicks'],['Chuck Wicks'],"['Chuck Wicks', 'Melissa Rycroft']","['Chuck Wicks', 'Melissa Rycroft']",False,0.9999999999999999,0.5014164305949008,0.38949501974048695,1.0,1.0,4.888888888888889,4.916666666666666,0.00014367804701788446,9.16649094913481e-05
8,9,5,percent,1,"[""Lil' Kim""]",['Ty Murray'],"[""Lil' Kim""]","['Ty Murray', ""Lil' Kim""]","[""Lil' Kim"", 'Ty Murray']",True,0.9486832980505138,0.4907621247113164,0.4043470040939859,0.984081510133046,1.0,4.41,4.25,0.0003212563516031291,0.0002180783849148737
8,10,4,percent,1,['Ty Murray'],['Ty Murray'],['Ty Murray'],"['Ty Murray', 'Melissa Rycroft']","['Ty Murray', 'Melissa Rycroft']",False,1.0,0.5,0.4273576514882298,1.0,1.0,2.9166666666666665,2.9166666666666665,0.0007590829627927235,0.000566496545543484
8,11,3,percent,0,[],[],[],[],[],False,1.0,0.5,0.4477840609955875,1.0,1.0,1.6666666666666665,1.6666666666666665,0.00010944186446691867,8.874485333088862e-05
9,1,16,percent,2,"['Ashley Hamiliton', 'Macy Gray']","['Macy Gray', 'Ashley Hamiliton']","['Macy Gray', 'Ashley Hamiliton']","['Macy Gray', 'Ashley Hamiliton']","['Macy Gray', 'Ashley Hamiliton']",False,1.0,0.5048059405194185,0.28397257454763764,1.0,1.0,41.05416666666667,41.85104166666667,0.00022778645359706248,9.03388660485566e-05
9,2,14,percent,1,['Kathy Ireland'],['Kathy Ireland'],['Kathy Ireland'],"['Kathy Ireland', 'Tom DeLay']","['Kathy Ireland', 'Tom DeLay']",False,0.9999999999999998,0.5099026241954118,0.3042608806842465,1.0,1.0,30.301020408163268,31.525510204081634,0.00014930467408737013,6.529397351233434e-05
9,3,13,percent,1,['Debi Mazar'],['Tom DeLay'],['Debi Mazar'],"['Tom DeLay', 'Debi Mazar']","['Debi Mazar', 'Michael Irvin']",True,0.9487179487179485,0.5011684931749376,0.31044497294679113,0.9989161438469198,0.9993784401442274,27.786489151873766,27.916666666666664,0.0002975753656866308,0.00013397157982446135
9,4,11,percent,1,['Chuck Liddell'],['Michael Irvin'],['Chuck Liddell'],"['Michael Irvin', 'Chuck Liddell']","['Chuck Liddell', 'Michael Irvin']",True,0.9908673886137245,0.49762733312242957,0.32888522818014765,0.9992698445016288,1.0,20.99834710743802,20.8,0.0004941742253323585,0.00024217408062477802
9,5,10,percent,1,['Natalie Coughlin'],['Michael Irvin'],['Natalie Coughlin'],"['Michael Irvin', 'Natalie Coughlin']","['Natalie Coughlin', 'Michael Irvin']",True,0.9880235200593537,0.5099291947966409,0.34255374021776586,0.9987312783221728,1.0,16.534444444444443,17.20444444444444,0.00014662673154143928,7.639793299921297e-05
9,6,9,percent,2,"['Melissa Joan Hart', 'Louie Vito']","['Melissa Joan Hart', 'Louie Vito']","['Louie Vito', 'Michael Irvin']","['Melissa Joan Hart', 'Louie Vito']","['Louie Vito', 'Michael Irvin']",True,0.9296696802013682,0.5,0.3522607391553329,0.9959299614403629,1.0,13.291666666666668,13.291666666666668,0.0005403202301300027,0.0002938429321050802
9,7,7,percent,2,"['Michael Irvin', 'Mark Dacascos']","['Mark Dacascos', 'Michael Irvin']","['Mark Dacascos', 'Michael Irvin']","['Mark Dacascos', 'Michael Irvin']","['Mark Dacascos', 'Michael Irvin']",False,1.0,0.5,0.3784224749128786,1.0,1.0,8.931972789115646,8.931972789115646,0.00019672986202830023,0.00011977106358146379
9,8,5,percent,1,['Aaron Carter'],['Aaron Carter'],['Aaron Carter'],"['Aaron Carter', 'Donny Osmond']","['Aaron Carter', 'Donny Osmond']",False,1.0,0.5,0.4126890754195564,1.0,1.0,3.0599999999999996,3.0599999999999996,0.0003068103532225314,0.000215588159016462
9,9,4,percent,1,['Joanna Krupa'],['Donny Osmond'],['Joanna Krupa'],"['Donny Osmond', 'Kelly Osbourne']","['Joanna Krupa', 'Donny Osmond']",True,0.7071067811865477,0.5,0.4233921894010257,0.9462615436624829,1.0,1.5833333333333333,1.5833333333333333,0.0002927621801802929,0.0002149697214673357
9,10,3,percent,0,[],[],[],[],[],False,1.0,0.5,0.44687886377305064,1.0,1.0,1.6666666666666665,1.6666666666666665,0.0008547655371889131,0.0006905840819191098
10,1,11,percent,0,[],[],[],[],[],False,0.9999999999999999,0.49818203854078297,0.3307942393437322,1.0,1.0,20.531404958677687,20.38264462809917,0.00036197624404749073,0.00017892801190588407
10,2,11,percent,1,['Shannen Doherty'],['Kate Gosselin'],['Shannen Doherty'],"['Kate Gosselin', 'Chad Ochocinco']","['Shannen Doherty', 'Kate Gosselin']",True,0.8440722199302099,0.50153515505066,0.3226098994382677,0.9908122562534574,0.9975709663207585,16.100826446280994,16.2,0.00046934364204528336,0.00022352689393697502
10,3,10,percent,1,['Buzz Aldrin'],['Buzz Aldrin'],['Buzz Aldrin'],"['Buzz Aldrin', 'Kate Gosselin']","['Buzz Aldrin', 'Kate Gosselin']",False,1.0,0.4973205051866245,0.337735706530162,1.0,1.0,17.82222222222222,17.632222222222218,0.0004882605080761494,0.00024899878989683815
10,4,9,percent,1,['Aiden Turner'],['Kate Gosselin'],['Aiden Turner'],"['Kate Gosselin', 'Aiden Turner']","['Aiden Turner', 'Kate Gosselin']",True,0.9860132971832694,0.5,0.35373794420991067,0.9994310249671087,1.0,14.041666666666668,14.041666666666668,0.0005519683222910893,0.0003021253342152934
10,5,8,percent,1,['Kate Gosselin'],['Kate Gosselin'],['Kate Gosselin'],"['Kate Gosselin', 'Chad Ochocinco']","['Kate Gosselin', 'Chad Ochocinco']",False,0.9999999999999998,0.5121208941127086,0.36674013284828433,1.0,1.0,10.377232142857142,10.892857142857142,0.0010658097907544851,0.000617243006430181
10,6,7,percent,1,['Jake Pavelka'],['Jake Pavelka'],['Jake Pavelka'],"['Jake Pavelka', 'Niecy Nash']","['Jake Pavelka', 'Niecy Nash']",False,1.0,0.5,0.38055733119931745,1.0,1.0,8.666666666666666,8.666666666666666,0.0005681301829918959,0.00034903327959595913
10,7,6,percent,1,['Pamela Anderson'],['Niecy Nash'],['Pamela Anderson'],"['Niecy Nash', 'Pamela Anderson']","['Pamela Anderson', 'Niecy Nash']",True,0.9660917830792959,0.49030067895247337,0.3927532133404128,0.991939552982021,1.0,5.838888888888889,5.616666666666667,5.006454464983224e-05,3.238059256568607e-05
10,8,5,percent,1,['Niecy Nash'],['Niecy Nash'],['Niecy Nash'],"['Niecy Nash', 'Chad Ochocinco']","['Niecy Nash', 'Chad Ochocinco']",False,1.0,0.5,0.41057470462281637,1.0,1.0,4.86,4.86,0.0009803912044923642,0.0006829089833032657
10,9,4,percent,1,['Chad Ochocinco'],['Chad Ochocinco'],['Chad Ochocinco'],"['Chad Ochocinco', 'Erin Andrews']","['Chad Ochocinco', 'Erin Andrews']",False,1.0,0.5,0.427416897167187,1.0,1.0,3.9375,3.9375,0.0003147224635899756,0.0002349313107406137
10,10,3,percent,0,[],[],[],[],[],False,1.0,0.5,0.44802068224159014,1.0,1.0,1.6666666666666665,1.6666666666666665,0.00023632817648552805,0.00019181861974817445
11,1,12,percent,1,['David Hasselhoff'],['David Hasselhoff'],['David Hasselhoff'],"['David Hasselhoff', 'The Situation']","['David Hasselhoff', 'The Situation']",False,0.9999999999999998,0.5191383595691798,0.32030095741826964,1.0,1.0,21.984848484848484,23.734848484848484,0.00030254311993637963,0.00014257023315474284
11,2,11,percent,1,['Michael Bolton'],['Michael Bolton'],['Michael Bolton'],"['Michael Bolton', 'Margaret Cho']","['Michael Bolton', 'Margaret Cho']",False,1.0,0.5036369514264931,0.32436009110930597,1.0,1.0,20.30247933884298,20.6,0.00030607284650153836,0.0001469389464283184
11,3,10,percent,1,['Margaret Cho'],['Margaret Cho'],['Margaret Cho'],"['Margaret Cho', 'Bristol Palin']","['Margaret Cho', 'Bristol Palin']",False,1.0,0.48678737460239785,0.34042861192520524,1.0,1.0,18.644444444444446,17.684444444444445,0.00020007988637595197,0.00010326845467316445
11,4,9,percent,1,['The Situation'],['The Situation'],['The Situation'],"['The Situation', 'Bristol Palin']","['The Situation', 'Bristol Palin']",False,1.0,0.5,0.3554575105796409,1.0,1.0,14.166666666666668,14.166666666666668,0.0008668386879439561,0.00047805121795427155
11,5,8,percent,1,['Florence Henderson'],['Bristol Palin'],['Florence Henderson'],"['Bristol Palin', 'Kyle Massey']","['Florence Henderson', 'Bristol Palin']",True,0.9428090415820635,0.5,0.3634036443164318,0.98895430115798,0.9996928318887783,11.180803571428571,11.180803571428571,0.0003361181466605908,0.00019187442454989288
11,6,7,percent,1,['Audrina Patridge'],['Bristol Palin'],['Audrina Patridge'],"['Bristol Palin', 'Jennifer Grey']","['Audrina Patridge', 'Kurt Warner']",True,0.5855400437691199,0.5,0.36196427227702327,0.9460790395517877,1.0,4.5,4.5,0.00029480038457667883,0.00016724330947908052
11,7,6,percent,1,['Rick Fox'],['Kyle Massey'],['Rick Fox'],"['Kyle Massey', 'Rick Fox']","['Rick Fox', 'Bristol Palin']",True,0.8280786712108251,0.4716609167077378,0.391988520498104,0.995355104725279,0.9935085930941453,5.955555555555556,5.316666666666666,7.144973270866761e-05,4.606405628624034e-05
11,8,5,percent,1,['Kurt Warner'],['Bristol Palin'],['Kurt Warner'],"['Bristol Palin', 'Kurt Warner']","['Kurt Warner', 'Bristol Palin']",True,0.9486832980505138,0.4707112970711297,0.40972854848756013,0.9968852963674985,1.0,5.0600000000000005,4.5,0.000528590353737991,0.00036691349010130585
11,9,4,percent,1,['Brandy'],['Bristol Palin'],['Brandy'],"['Bristol Palin', 'Brandy']","['Brandy', 'Bristol Palin']",True,0.912870929175277,0.5,0.4209579324316993,0.980875644652211,1.0,2.583333333333333,2.583333333333333,0.00015600411147620252,0.00011341346664786204
11,10,3,percent,0,[],[],[],[],[],False,1.0,0.5,0.44786118878122244,1.0,1.0,1.6666666666666665,1.6666666666666665,0.000996461066501658,0.0008082681904438816
12,1,11,percent,0,[],[],[],[],[],False,1.0,0.5,0.3287954683358353,1.0,1.0,21.416528925619836,21.416528925619836,0.00037308684422305205,0.00018275988598008222
12,2,11,percent,1,['Mike Catherwood'],['Mike Catherwood'],['Mike Catherwood'],"['Mike Catherwood', 'Sugar Ray Leonard']","['Mike Catherwood', 'Sugar Ray Leonard']",False,1.0,0.5061515748031497,0.33112575012489237,1.0,1.0,19.904132231404958,20.400000000000002,0.0001860407952736042,9.20993712948379e-05
12,3,10,percent,1,['Wendy Williams'],['Wendy Williams'],['Wendy Williams'],"['Wendy Williams', 'Romeo']","['Wendy Williams', 'Romeo']",False,1.0,0.5,0.3382357381545607,1.0,1.0,17.50111111111111,17.50111111111111,0.0002582273401043872,0.00013198312454699404
12,4,9,percent,1,['Sugar Ray Leonard'],['Sugar Ray Leonard'],['Sugar Ray Leonard'],"['Sugar Ray Leonard', 'Kendra Wilkinson']","['Sugar Ray Leonard', 'Kendra Wilkinson']",False,1.0,0.48944358917967895,0.3490778311231011,1.0,1.0,14.330246913580247,13.737654320987653,0.00017449760755255456,9.35799229049389e-05
12,5,8,percent,1,['Petra Nemcova'],['Petra Nemcova'],['Petra Nemcova'],"['Petra Nemcova', 'Kendra Wilkinson']","['Petra Nemcova', 'Kendra Wilkinson']",False,1.0,0.5321456235476375,0.36588700178104416,1.0,1.0,9.4375,10.734375,0.0001818897255188419,0.00010495146213969644
12,6,7,percent,1,['Chris Jericho'],['Chris Jericho'],['Chris Jericho'],"['Chris Jericho', 'Ralph Macchio']","['Chris Jericho', 'Ralph Macchio']",False,1.0,0.48144104803493454,0.3786355098464882,1.0,1.0,9.693877551020407,9.0,0.0002183603528779878,0.00013306036127328367
12,7,6,percent,1,['Kendra Wilkinson'],['Romeo'],['Kendra Wilkinson'],"['Romeo', 'Kendra Wilkinson']","['Kendra Wilkinson', 'Romeo']",True,0.9660917830792959,0.5048216007714561,0.3944685983295061,0.996838275036575,1.0,5.705555555555556,5.816666666666666,8.22895002369153e-05,5.360683810309695e-05
12,8,5,percent,1,['Romeo'],['Romeo'],['Romeo'],"['Romeo', 'Ralph Macchio']","['Romeo', 'Ralph Macchio']",False,0.9999999999999999,0.5,0.3993257753802787,1.0,1.0,3.75,3.75,0.0001594522038916771,0.00010600317500796542
12,9,4,percent,1,['Ralph Macchio'],['Ralph Macchio'],['Ralph Macchio'],"['Ralph Macchio', 'Kirstie Alley']","['Ralph Macchio', 'Kirstie Alley']",False,1.0,0.5,0.4295902334773323,1.0,1.0,2.9166666666666665,2.9166666666666665,0.003038392891546197,0.0022882916602784483
12,10,3,percent,0,[],[],[],[],[],False,0.9999999999999999,0.5,0.4472834816547849,1.0,1.0,2.2222222222222223,2.2222222222222223,0.00017415361977728881,0.00014093307294304008
13,1,12,percent,1,['Metta World Peace (Ron)'],['Metta World Peace (Ron)'],['Metta World Peace (Ron)'],"['Metta World Peace (Ron)', 'Elisabetta Canalis']","['Metta World Peace (Ron)', 'Elisabetta Canalis']",False,1.0,0.5052113455977358,0.32007027215698614,1.0,1.0,25.384469696969695,25.919191919191917,0.0002143773366199032,0.00010091603538779918
13,2,11,percent,1,['Elisabetta Canalis'],['Carson Kressley'],['Elisabetta Canalis'],"['Carson Kressley', 'Hope Solo']","['Elisabetta Canalis', 'Chaz Bono']",True,0.7171087882915773,0.5037722563122422,0.3216808300087337,0.9776909092469707,0.9969877006053839,16.307438016528927,16.555371900826447,7.919164692380461e-05,3.755523334617839e-05
13,3,10,percent,1,['Kristin Cavallari'],['Nancy Grace'],['Kristin Cavallari'],"['Nancy Grace', 'Carson Kressley']","['Kristin Cavallari', 'Chaz Bono']",True,0.8090398349558905,0.4879899523784604,0.3279496602688599,0.9805366112743767,0.9966556536154135,10.871111111111112,10.36111111111111,0.0001172593113449789,5.722064114174935e-05
13,4,9,percent,1,['Chynna Phillips'],['Carson Kressley'],['Chynna Phillips'],"['Carson Kressley', 'Chynna Phillips']","['Chynna Phillips', 'Carson Kressley']",True,0.9856107606091622,0.5116166505324299,0.35537897631034604,0.998742619258077,1.0,10.89969135802469,11.418209876543209,0.0002725059898651305,0.00015023230108506607
13,5,8,percent,1,['Carson Kressley'],['Carson Kressley'],['Carson Kressley'],"['Carson Kressley', 'Chaz Bono']","['Carson Kressley', 'Chaz Bono']",False,1.0,0.4902675232524691,0.3655157279713559,1.0,1.0,11.866071428571427,11.412946428571427,0.00031199204403502186,0.00017973337421291354
13,6,7,percent,1,['Chaz Bono'],['Chaz Bono'],['Chaz Bono'],"['Chaz Bono', 'Hope Solo']","['Chaz Bono', 'Hope Solo']",False,1.0,0.48144104803493454,0.3809600965511451,1.0,1.0,9.693877551020407,9.0,0.0008361474616209812,0.000514569118946048
13,7,6,percent,1,['David Arquette'],['Nancy Grace'],['David Arquette'],"['Nancy Grace', 'David Arquette']","['David Arquette', 'Nancy Grace']",True,0.9660917830792959,0.5,0.3927146769534887,0.9927705915691061,1.0,6.216666666666667,6.216666666666667,0.00015553212244076735,0.00010057833591927327
13,8,5,percent,1,['Nancy Grace'],['Nancy Grace'],['Nancy Grace'],"['Nancy Grace', 'Rob Kardashian']","['Nancy Grace', 'Rob Kardashian']",False,0.9999999999999999,0.4912663755458515,0.41083259040461445,1.0,1.0,4.66,4.5,0.0007041780386480715,0.000491030703688288
13,9,4,percent,1,['Hope Solo'],['Hope Solo'],['Hope Solo'],"['Hope Solo', 'J.R. Martinez']","['Hope Solo', 'J.R. Martinez']",False,1.0,0.5,0.4273140196385442,1.0,1.0,2.9166666666666665,2.9166666666666665,0.001809911812492965,0.0013504795268421159
13,10,3,percent,0,[],[],[],[],[],False,1.0,0.5,0.4476474195449746,1.0,1.0,1.6666666666666665,1.6666666666666665,5.585012294961737e-06,4.52630517251679e-06
14,1,12,percent,0,[],[],[],[],[],False,1.0,0.4981203542847379,0.32029312457367304,1.0,1.0,22.250631313131315,22.08396464646465,8.730957791804488e-05,4.114223134647435e-05
14,2,12,percent,1,['Martina Navratilova'],['Martina Navratilova'],['Martina Navratilova'],"['Martina Navratilova', 'Gladys Knight']","['Martina Navratilova', 'Gladys Knight']",False,0.9999999999999998,0.4909137633540145,0.3183860155714876,1.0,1.0,26.263257575757578,25.325757575757578,0.0001597688799707444,7.462901036112708e-05
14,3,11,percent,1,['Jack Wagner'],['Jack Wagner'],['Jack Wagner'],"['Jack Wagner', 'Gavin DeGraw']","['Jack Wagner', 'Gavin DeGraw']",False,1.0,0.584176122348298,0.33154880279000454,1.0,1.0,11.145454545454545,15.65785123966942,5.7971558572436e-05,2.875363365461016e-05
14,4,10,percent,1,['Sherri Sheperd'],['Gladys Knight'],['Sherri Sheperd'],"['Gladys Knight', 'Sherri Sheperd']","['Sherri Sheperd', 'Gladys Knight']",True,0.9888264649460883,0.5053953240524879,0.3417135488245262,0.9985432185917253,1.0,16.50111111111111,16.86111111111111,0.00014217901638062028,7.380449068797779e-05
14,5,9,percent,1,['Gavin DeGraw'],['Gavin DeGraw'],['Gavin DeGraw'],"['Gavin DeGraw', 'Melissa Gilbert']","['Gavin DeGraw', 'Melissa Gilbert']",False,1.0,0.48811410459587956,0.3516214634860403,1.0,1.0,15.950617283950617,15.209876543209877,0.00036180192820130507,0.00019620841271243277
14,6,8,percent,1,['Gladys Knight'],['Gladys Knight'],['Gladys Knight'],"['Gladys Knight', 'Roshon Fegan']","['Gladys Knight', 'Roshon Fegan']",False,0.9999999999999998,0.5,0.3648094626585762,1.0,1.0,11.25,11.25,0.0005561003763379822,0.00031938555055495963
14,7,7,percent,1,['Jaleel White'],['Jaleel White'],['Jaleel White'],"['Jaleel White', 'Melissa Gilbert']","['Jaleel White', 'Melissa Gilbert']",False,1.0,0.496279454319967,0.3763556352506939,1.0,1.0,8.289115646258502,8.166666666666666,8.3794735421272e-05,5.0568276830038853e-05
14,8,6,percent,2,"['Roshon Fegan', 'Melissa Gilbert']","['Melissa Gilbert', 'Maria Menounos']","['Melissa Gilbert', 'Maria Menounos']","['Melissa Gilbert', 'Maria Menounos']","['Melissa Gilbert', 'Maria Menounos']",False,1.0,0.5,0.39404889818802036,1.0,1.0,6.355555555555556,6.355555555555556,6.403128668143828e-05,4.163942914029237e-05
14,9,4,percent,1,['Maria Menounos'],['Donald Driver'],['Maria Menounos'],"['Donald Driver', 'Katherine Jenkins']","['Maria Menounos', 'Katherine Jenkins']",True,0.18257418583505539,0.5,0.5415119272874341,0.9786227582837581,0.9947697898891301,-0.08333333333333326,-0.08333333333333326,-4.279545704963928e-06,-5.054493629243244e-06
14,10,3,percent,0,[],[],[],[],[],False,0.9999999999999999,0.5,0.44771481876122343,1.0,1.0,0.5555555555555556,0.5555555555555556,6.667851324157015e-06,5.405352069062794e-06
15,1,13,percent,1,['Pamela Anderson'],['Pamela Anderson'],['Pamela Anderson'],"['Pamela Anderson', 'Kirstie Alley']","['Pamela Anderson', 'Kirstie Alley']",False,0.9999999999999998,0.49617160607841493,0.30875926330361986,1.0,1.0,29.591222879684416,29.141518737672584,7.065126427909341e-05,3.155808266529276e-05
15,2,12,percent,1,['Joey Fatone'],['Kirstie Alley'],['Joey Fatone'],"['Kirstie Alley', 'Kelly Monaco']","['Joey Fatone', 'Bristol Palin']",True,0.8307692307692309,0.5096139439644408,0.311842247213898,0.9817329214983559,0.9994856928605559,18.59659090909091,19.325757575757574,6.789983872754707e-05,3.076916333287464e-05
15,3,11,percent,2,"['Helio Castroneves', 'Drew Lachey']","['Bristol Palin', 'Drew Lachey']","['Drew Lachey', 'Bristol Palin']","['Bristol Palin', 'Drew Lachey']","['Drew Lachey', 'Bristol Palin']",False,0.9897433186107871,0.5005699521240216,0.3280113388799502,0.9966198479950625,1.0,21.72561983471074,21.775206611570248,3.128493442683708e-05,1.5270813068503578e-05
15,4,9,percent,1,['Bristol Palin'],['Kirstie Alley'],['Bristol Palin'],"['Kirstie Alley', 'Bristol Palin']","['Bristol Palin', 'Kirstie Alley']",True,0.9860132971832694,0.48706986444212724,0.3513778754551972,0.9971131052462943,1.0,15.182098765432098,14.416666666666668,0.00013556703600416624,7.344069110552181e-05
15,5,8,percent,0,[],[],[],[],[],False,1.0,0.5,0.36506527473374706,1.0,1.0,14.330357142857142,14.330357142857142,3.946972062568333e-05,2.2693709810621963e-05
15,6,8,percent,1,['Sabrina Bryan'],['Kelly Monaco'],['Sabrina Bryan'],"['Kelly Monaco', 'Gilles Marini']","['Sabrina Bryan', 'Kelly Monaco']",True,0.3857583749052298,0.47471620227038186,0.3433729690882951,0.9255767497567311,0.9937348569238091,4.544642857142858,4.107142857142858,2.2166711371022273e-05,1.1591739511276203e-05
15,7,7,percent,0,[],[],[],[],[],False,1.0,0.5,0.37817612192710737,1.0,1.0,8.666666666666666,8.666666666666666,0.0003289983066402468,0.00020008769060362284
15,8,7,percent,2,"['Gilles Marini', 'Kirstie Alley']","['Kirstie Alley', 'Kelly Monaco']","['Kirstie Alley', 'Gilles Marini']","['Kirstie Alley', 'Kelly Monaco']","['Kirstie Alley', 'Gilles Marini']",True,0.7200822998230957,0.4839829151094501,0.37673030972540833,0.938415195155922,0.9951326491404806,6.574829931972789,6.166666666666666,7.287737146386146e-05,4.405013616410315e-05
15,9,5,percent,2,"['Emmitt Smith', 'Apolo Anton Ohno']","['Emmitt Smith', 'Apolo Anton Ohno']","['Emmitt Smith', 'Apolo Anton Ohno']","['Emmitt Smith', 'Apolo Anton Ohno']","['Emmitt Smith', 'Apolo Anton Ohno']",False,0.9999999999999999,0.5,0.4060314055466687,1.0,1.0,3.25,3.25,6.528008839431479e-05,4.462486113318739e-05
15,10,3,percent,0,[],[],[],[],[],False,1.0,0.5,0.44766429417395703,1.0,1.0,1.6666666666666665,1.6666666666666665,7.154493898371794e-06,5.798668142224379e-06
16,1,12,percent,0,[],[],[],[],[],False,1.0,0.5128228921392365,0.3162022829488515,1.0,1.0,26.515782828282827,27.91161616161616,0.00022441417393248136,0.00010377378039450719
16,2,12,percent,0,[],[],[],[],[],False,1.0,0.5015163649253633,0.3207744291678347,1.0,1.0,23.970328282828284,24.116161616161616,0.0003118695336968863,0.00014728504924202426
16,3,11,percent,1,['Wynonna Judd'],['Wynonna Judd'],['Wynonna Judd'],"['Wynonna Judd', 'D. L. Hughley']","['Wynonna Judd', 'D. L. Hughley']",False,1.0,0.4967171327050826,0.3281465502795368,1.0,1.0,21.538842975206613,21.25785123966942,0.0003564647741927653,0.00017410446578223064
16,4,10,percent,1,['Lisa Vanderpump'],['Lisa Vanderpump'],['Lisa Vanderpump'],"['Lisa Vanderpump', 'Victor Ortiz']","['Lisa Vanderpump', 'Victor Ortiz']",False,0.9999999999999999,0.5072991492601543,0.34107736338282596,1.0,1.0,16.537777777777777,17.02777777777778,0.0003050022299074782,0.0001578779520108746
16,5,9,percent,1,['D. L. Hughley'],['Andy Dick'],['Andy Dick'],"['Andy Dick', 'D. L. Hughley']","['Andy Dick', 'D. L. Hughley']",False,1.0,0.5076913216254326,0.3526151601953744,1.0,1.0,11.853395061728396,12.223765432098766,0.000499923989970286,0.00027229673444636575
16,6,8,percent,1,['Victor Ortiz'],['Victor Ortiz'],['Victor Ortiz'],"['Victor Ortiz', 'Andy Dick']","['Victor Ortiz', 'Andy Dick']",False,0.9999999999999998,0.5003496852832451,0.3660223546031968,1.0,1.0,11.162946428571427,11.178571428571427,0.00023135127354259125,0.00013356896492699983
16,7,7,percent,1,['Andy Dick'],['Andy Dick'],['Andy Dick'],"['Andy Dick', 'Sean Lowe']","['Andy Dick', 'Sean Lowe']",False,1.0,0.5,0.3753727895472793,1.0,1.0,8.666666666666666,8.666666666666666,0.0010404944026959303,0.0006252902209707126
16,8,6,percent,1,['Sean Lowe'],['Sean Lowe'],['Sean Lowe'],"['Sean Lowe', 'Ingo Rademacher']","['Sean Lowe', 'Ingo Rademacher']",False,0.9999999999999999,0.5,0.3926304048404568,1.0,1.0,6.416666666666666,6.416666666666666,0.0005311918254031772,0.0003433857458755502
16,9,5,percent,1,['Ingo Rademacher'],['Ingo Rademacher'],['Ingo Rademacher'],"['Ingo Rademacher', 'Zendaya']","['Ingo Rademacher', 'Zendaya']",False,1.0,0.5,0.409582545014139,1.0,1.0,5.76,5.76,0.00021711059716404915,0.0001506132824919959
16,10,4,percent,1,['Alexandra Raisman'],['Jacoby Jones'],['Alexandra Raisman'],"['Jacoby Jones', 'Alexandra Raisman']","['Alexandra Raisman', 'Jacoby Jones']",True,0.912870929175277,0.4631578947368421,0.4247610787650952,0.9800882242773038,1.0,3.1875,2.75,7.713923488861767e-05,5.696023585480419e-05
17,1,12,percent,0,[],[],[],[],[],False,0.9999999999999999,0.49723452005739444,0.3167799945595315,1.0,1.0,25.88131313131313,25.59659090909091,0.0002588023123045049,0.00011999560087670582
17,2,12,percent,1,['Keyshawn Johnson'],['Bill Nye'],['Keyshawn Johnson'],"['Bill Nye', 'Keyshawn Johnson']","['Keyshawn Johnson', 'Bill Nye']",True,0.9923953268977465,0.4866789381902732,0.3177208778937247,0.9989514937817846,1.0,26.76010101010101,25.37121212121212,0.0001776823915627288,8.274239032741982e-05
17,3,11,percent,1,['Bill Nye'],['Bill Nye'],['Bill Nye'],"['Bill Nye', 'Valerie Harper']","['Bill Nye', 'Valerie Harper']",False,1.0,0.5120792398131744,0.3246269637798941,1.0,1.0,20.029752066115705,21.021487603305786,0.0003033443308677477,0.0001458064563260824
17,4,10,percent,1,['Valerie Harper'],['Valerie Harper'],['Valerie Harper'],"['Valerie Harper', 'Brant Daugherty']","['Valerie Harper', 'Brant Daugherty']",False,1.0,0.5153019250808973,0.3393721746741332,1.0,1.0,19.638888888888886,20.878888888888888,0.00022115940766826364,0.00011361215233857185
17,5,9,percent,1,['Christina Milian'],['Bill Engvall'],['Christina Milian'],"['Bill Engvall', 'Elizabeth Berkley Lauren']","['Christina Milian', 'Leah Remini']",True,0.6288281455225324,0.4641646489104116,0.31447079266434025,0.9180687880923308,0.9976891761549492,6.830246913580248,5.916666666666667,3.3855211610317004e-05,1.5530301432806008e-05
17,6,8,percent,0,[],[],[],[],[],False,0.9999999999999998,0.5,0.36488239989247717,1.0,1.0,11.25,11.25,0.00021741410802535307,0.00012490691722815233
17,7,8,percent,1,"['Nicole ""Snooki"" Polizzi']",['Leah Remini'],"['Nicole ""Snooki"" Polizzi']","['Leah Remini', 'Bill Engvall']","['Nicole ""Snooki"" Polizzi', 'Bill Engvall']",True,0.8303364917060368,0.5027662517289073,0.3636224409496109,0.9830020103382333,1.0,11.234375,11.359375,6.366408865995535e-05,3.637729047817097e-05
17,8,7,percent,1,['Brant Daugherty'],['Bill Engvall'],['Brant Daugherty'],"['Bill Engvall', 'Elizabeth Berkley Lauren']","['Brant Daugherty', 'Bill Engvall']",True,0.9258200997725516,0.4777691107644305,0.3760735834894303,0.9826287280943123,0.9966847138014538,9.108843537414964,8.333333333333332,0.00017339968028444339,0.00010451719532120085
17,9,6,percent,1,['Elizabeth Berkley Lauren'],['Amber Riley'],['Elizabeth Berkley Lauren'],"['Amber Riley', 'Elizabeth Berkley Lauren']","['Elizabeth Berkley Lauren', 'Bill Engvall']",True,0.6900655593423541,0.5033025099075297,0.3547780399094671,0.9667365674730299,1.0,2.0888888888888886,2.1166666666666663,0.0001453777701366114,7.993658543214985e-05
17,10,5,percent,1,['Leah Remini'],['Bill Engvall'],['Leah Remini'],"['Bill Engvall', 'Leah Remini']","['Leah Remini', 'Bill Engvall']",True,0.9486832980505138,0.5,0.40938671710637115,0.9922773513818232,1.0,4.25,4.25,0.0006512141215533321,0.0004513925085630747
17,11,4,percent,1,['Bill Engvall'],['Bill Engvall'],['Bill Engvall'],"['Bill Engvall', 'Jack Osbourne']","['Bill Engvall', 'Jack Osbourne']",False,1.0,0.5,0.4278260772796409,1.0,1.0,2.9166666666666665,2.9166666666666665,0.0006908439230793942,0.0005165580497243073
18,1,12,percent,0,[],[],[],[],[],False,0.9999999999999999,0.5080619212756069,0.31763586297101776,1.0,1.0,26.060606060606062,26.914772727272727,0.00021302294126183995,9.916072974605207e-05
18,2,11,percent,1,['Sean Avery'],['Sean Avery'],['Sean Avery'],"['Sean Avery', 'Candace Cameron Bure']","['Sean Avery', 'Billy Dee Williams']",False,0.9333756642553378,0.5028668230388323,0.31781783423798593,0.9945735394687061,1.0,15.764462809917358,15.946280991735536,0.00015719563888218002,7.323495102717163e-05
18,3,9,percent,0,[],[],[],[],[],False,1.0,0.5,0.35240604539788756,1.0,1.0,18.416666666666668,18.416666666666668,0.0001246218458687667,6.781640186832883e-05
18,4,9,percent,0,[],[],[],[],[],False,1.0,0.5049272116461366,0.35404101625885964,1.0,1.0,13.645061728395062,13.916666666666668,0.00014461765818050528,7.926290052453306e-05
18,5,9,percent,1,['Cody Simpson'],['Cody Simpson'],['Cody Simpson'],"['Cody Simpson', 'Candace Cameron Bure']","['Cody Simpson', 'Drew Carey']",False,0.9428571428571428,0.5027929710229256,0.3448257723189973,0.9878264405279699,1.0,13.186728395061728,13.334876543209877,0.00012886935575963124,6.782543215314416e-05
18,6,8,percent,1,['Drew Carey'],['Candace Cameron Bure'],['Candace Cameron Bure'],"['Candace Cameron Bure', 'Drew Carey']","['Candace Cameron Bure', 'Drew Carey']",False,1.0,0.5,0.3665374753915353,1.0,1.0,10.044642857142858,10.044642857142858,0.0001479234557019248,8.559226141702307e-05
18,7,7,percent,1,['NeNe Leakes'],['NeNe Leakes'],['NeNe Leakes'],"['NeNe Leakes', 'James Maslow']","['NeNe Leakes', 'James Maslow']",False,1.0,0.5,0.3794841868993283,1.0,1.0,8.666666666666666,8.666666666666666,8.410305945985545e-05,5.1434275261074e-05
18,8,6,percent,1,['Danica McKellar'],['Danica McKellar'],['Candace Cameron Bure'],"['Danica McKellar', 'Candace Cameron Bure']","['Candace Cameron Bure', 'James Maslow']",True,0.4622501635210243,0.15833333333333213,0.9344332372060189,0.9324853629685752,1.0,-0.5611111111111118,0.10555555555555474,-0.00021901296154808403,0.0031212916717041294
18,9,5,percent,1,['Charlie White'],['Candace Cameron Bure'],['Charlie White'],"['Candace Cameron Bure', 'Charlie White']","['Charlie White', 'Candace Cameron Bure']",True,0.9486832980505138,0.5191693290734825,0.4060040537398746,0.9877271083223359,1.0,3.0100000000000002,3.25,6.556693371714977e-05,4.481586288267147e-05
18,10,4,percent,1,['James Maslow'],['Candace Cameron Bure'],['James Maslow'],"['Candace Cameron Bure', 'James Maslow']","['James Maslow', 'Candace Cameron Bure']",True,0.912870929175277,0.5,0.4127785242926156,0.9778897542112708,1.0,2.583333333333333,2.583333333333333,0.00017495673445941439,0.0001229832110247938
19,1,13,percent,1,['Lolo Jones'],['Betsey Johnson'],['Lolo Jones'],"['Betsey Johnson', 'Lolo Jones']","['Lolo Jones', 'Betsey Johnson']",True,0.99356906512808,0.5011279930269522,0.30797367137521314,0.9989203388448137,1.0,28.786489151873766,28.916666666666664,0.0002112054402972877,9.399312160858774e-05
19,2,12,percent,1,['Tavis Smiley'],['Tavis Smiley'],['Tavis Smiley'],"['Tavis Smiley', 'Michael Waltrip']","['Tavis Smiley', 'Michael Waltrip']",False,0.9923953268977465,0.5363355893327303,0.31691993549306957,1.0,1.0,18.121843434343432,20.96212121212121,9.413124676149581e-05,4.367287262741188e-05
19,3,11,percent,1,['Randy Couture'],['Randy Couture'],['Randy Couture'],"['Randy Couture', 'Michael Waltrip']","['Randy Couture', 'Michael Waltrip']",False,0.9999999999999999,0.5,0.3324696506805313,1.0,1.0,22.666115702479342,22.666115702479342,0.00022647124107320828,0.00011279609157180227
19,4,10,percent,1,['Betsey Johnson'],['Michael Waltrip'],['Michael Waltrip'],"['Michael Waltrip', 'Antonio Sabato Jr.']","['Michael Waltrip', 'Antonio Sabato Jr.']",False,0.3102526139970115,0.4724826742763963,0.7624412941941738,0.9989198201167682,0.6666012928408199,5.751111111111111,5.151111111111112,0.00021239911700478566,0.0006816919510716449
19,5,9,percent,0,[],[],[],[],[],False,1.0,0.5,0.3504800775590175,1.0,1.0,15.320987654320989,15.320987654320989,0.0006720773473710157,0.000362652033746748
19,6,9,percent,1,['Jonathan Bennett'],['Antonio Sabato Jr.'],['Jonathan Bennett'],"['Antonio Sabato Jr.', 'Michael Waltrip']","['Jonathan Bennett', 'Antonio Sabato Jr.']",True,0.8003267306650411,0.5198407518600705,0.35185535063250367,0.9852552827638942,1.0,11.353395061728396,12.291666666666668,0.00019942148641235451,0.00010825903923414058
19,7,8,percent,1,['Antonio Sabato Jr.'],['Antonio Sabato Jr.'],['Antonio Sabato Jr.'],"['Antonio Sabato Jr.', 'Michael Waltrip']","['Antonio Sabato Jr.', 'Michael Waltrip']",False,0.9999999999999998,0.5,0.3661926794196866,1.0,1.0,10.821428571428571,10.821428571428571,0.00021655023389382882,0.00012511548510663273
19,8,7,percent,1,['Michael Waltrip'],['Michael Waltrip'],['Michael Waltrip'],"['Michael Waltrip', 'Tommy Chong']","['Michael Waltrip', 'Tommy Chong']",False,1.0,0.5,0.37733543332413166,1.0,1.0,8.666666666666666,8.666666666666666,0.0010828937796468561,0.0006562348581491704
19,9,6,percent,1,['Lea Thompson'],['Lea Thompson'],['Lea Thompson'],"['Lea Thompson', 'Tommy Chong']","['Lea Thompson', 'Tommy Chong']",False,0.9660917830792959,0.47263207996192286,0.3828080543840562,1.0,1.0,6.155555555555555,5.516666666666666,0.0002951505250330709,0.0001830646025777038
19,10,5,percent,1,['Tommy Chong'],['Tommy Chong'],['Tommy Chong'],"['Tommy Chong', 'Sadie Robertson']","['Tommy Chong', 'Sadie Robertson']",False,0.9999999999999999,0.5,0.4081826150430625,1.0,1.0,4.5,4.5,0.0004380228861929809,0.00030210894725231884
19,11,4,percent,1,['Bethany Mota'],['Bethany Mota'],['Bethany Mota'],"['Bethany Mota', 'Janel Parrish']","['Bethany Mota', 'Janel Parrish']",False,1.0,0.5,0.42813242227315995,1.0,1.0,2.9166666666666665,2.9166666666666665,4.159104062658858e-05,3.113740603917969e-05
20,1,12,percent,0,[],[],[],[],[],False,1.0,0.4987245883898895,0.3204327620796635,1.0,1.0,20.470328282828284,20.36616161616162,0.0001394873560298732,6.577173865035746e-05
20,2,12,percent,1,['Redfoo'],['Charlotte McKinney'],['Redfoo'],"['Charlotte McKinney', 'Noah Galloway']","['Redfoo', 'Chris Soules']",True,0.8091838819320085,0.4910145907272829,0.30286878096557013,0.9910914066432661,0.9965723356128294,17.111742424242426,16.507575757575758,8.58052353956585e-05,3.7278099639177684e-05
20,3,11,percent,1,['Charlotte McKinney'],['Charlotte McKinney'],['Charlotte McKinney'],"['Charlotte McKinney', 'Patti LaBelle']","['Charlotte McKinney', 'Patti LaBelle']",False,0.9999999999999999,0.5096803583630704,0.3290594859684217,1.0,1.0,21.348760330578514,22.191735537190084,0.0003003266047892758,0.0001472937110337462
20,4,10,percent,1,['Michael Sam'],['Suzanne Somers'],['Michael Sam'],"['Suzanne Somers', 'Chris Soules']","['Michael Sam', 'Chris Soules']",True,0.8989331499509894,0.503732632888643,0.3405801148977912,0.9951826645838803,0.9989668318102306,15.954444444444444,16.194444444444443,0.00018186679720873727,9.393137223916812e-05
20,5,9,percent,1,['Suzanne Somers'],['Robert Herjavec'],['Suzanne Somers'],"['Robert Herjavec', 'Chris Soules']","['Suzanne Somers', 'Robert Herjavec']",True,0.9258200997725514,0.4923045210938573,0.35330681415322807,0.9883729155341862,1.0,11.402777777777779,11.057098765432098,0.0005740155804565926,0.000313600978708143
20,6,8,percent,1,['Patti LaBelle'],['Robert Herjavec'],['Patti LaBelle'],"['Robert Herjavec', 'Patti LaBelle']","['Patti LaBelle', 'Robert Herjavec']",True,0.9813067629253164,0.5123525259655137,0.3660311055081166,0.9984483128080768,1.0,10.794642857142858,11.341517857142858,4.2729067278986124e-05,2.4670244659232604e-05
20,7,7,percent,1,['Willow Shields'],['Riker Lynch'],['Willow Shields'],"['Riker Lynch', 'Chris Soules']","['Willow Shields', 'Chris Soules']",True,0.5143444998736397,0.5774410774410774,0.3585664430418001,0.8036643994704586,1.0,2.561224489795918,3.5,0.00015721612918923153,8.78850624833407e-05
20,8,6,percent,2,"['Chris Soules', 'Robert Herjavec']","['Robert Herjavec', 'Noah Galloway']","['Robert Herjavec', 'Chris Soules']","['Robert Herjavec', 'Noah Galloway']","['Robert Herjavec', 'Chris Soules']",True,0.9660917830792959,0.5,0.39460989445454114,0.998410562636205,1.0,6.216666666666667,6.216666666666667,0.0005655797827625746,0.00036866043289635986
20,9,4,percent,1,['Nastia Liukin'],['Rumer Willis'],['Nastia Liukin'],"['Rumer Willis', 'Noah Galloway']","['Nastia Liukin', 'Noah Galloway']",True,0.18257418583505539,0.13793103448275879,0.34864348810286233,0.9615543530424089,0.9854734053597028,0.5208333333333335,0.08333333333333348,8.067618044601394e-06,4.318253436292672e-06
20,10,3,percent,0,[],[],[],[],[],False,0.9999999999999999,0.5,0.446960309274826,1.0,1.0,2.2222222222222223,2.2222222222222223,0.0005680691964032677,0.0004591069826850474
21,1,13,percent,0,[],[],[],[],[],False,1.0,0.504919596392296,0.306842001964668,1.0,1.0,29.178007889546347,29.75788954635108,0.00043312442786459354,0.00019173228459090652
21,2,13,percent,2,"['Victor Espinoza', 'Chaka Khan']","['Chaka Khan', 'Gary Busey']","['Chaka Khan', 'Gary Busey']","['Chaka Khan', 'Gary Busey']","['Chaka Khan', 'Gary Busey']",False,0.9999999999999998,0.4979119540629894,0.3073250311374536,1.0,1.0,28.456607495069033,28.219921104536486,0.000169120690986733,7.50352242536416e-05
21,3,10,percent,0,[],[],[],[],[],False,1.0,0.48986990206110215,0.3370672990726501,1.0,1.0,19.387777777777778,18.617777777777775,0.00036286771150135285,0.0001844996321124888
21,4,10,percent,1,['Gary Busey'],['Gary Busey'],['Gary Busey'],"['Gary Busey', 'Paula Deen']","['Gary Busey', 'Paula Deen']",False,1.0,0.4881646655231562,0.33775406833455285,1.0,1.0,19.89333333333333,18.973333333333333,0.00042321408242503386,0.0002158447055402092
21,5,9,percent,0,[],[],[],[],[],False,1.0,0.5105106820518679,0.3525382943573721,1.0,1.0,13.223765432098766,13.791666666666668,0.0003944384990068121,0.00021476895769569418
21,6,9,percent,1,['Paula Deen'],['Paula Deen'],['Paula Deen'],"['Paula Deen', 'Alek Skarlatos']","['Paula Deen', 'Alek Skarlatos']",False,0.9999999999999999,0.47724096626073065,0.35017161169910743,1.0,1.0,16.163580246913583,14.756172839506174,0.0005022221889207565,0.00027063137974822355
21,7,8,percent,1,['Hayes Grier'],['Alek Skarlatos'],['Hayes Grier'],"['Alek Skarlatos', 'Nick Carter']","['Hayes Grier', 'Nick Carter']",True,0.7071067811865476,0.4662713120830245,0.41031409622050374,0.9567370348651613,1.0,8.035714285714285,7.020089285714286,1.403655638966006e-05,9.76688930862614e-06
21,8,7,percent,1,['Andy Grammer'],['Andy Grammer'],['Andy Grammer'],"['Andy Grammer', 'Alek Skarlatos']","['Andy Grammer', 'Alek Skarlatos']",False,1.0,0.4964925954793454,0.3810389791506042,1.0,1.0,8.789115646258502,8.666666666666666,0.00032998933362896846,0.00020314493898827398
21,9,6,percent,1,['Alexa PenaVega'],['Alek Skarlatos'],['Alek Skarlatos'],"['Alek Skarlatos', 'Tamar Braxton']","['Alek Skarlatos', 'Alexa PenaVega']",False,0.21483446221182986,0.3089700996677739,0.9545039044438757,1.0,0.12218860769812977,1.1555555555555554,0.5166666666666662,-0.00010532075491946074,0.002209619761009784
21,10,4,percent,0,[],[],[],[],[],False,1.0,0.4668769716088328,0.42793776567248326,1.0,1.0,3.520833333333333,3.083333333333333,0.0005274755196134589,0.0003945841584450458
21,11,4,percent,1,['Carlos PenaVega'],['Alek Skarlatos'],['Carlos PenaVega'],"['Alek Skarlatos', 'Carlos PenaVega']","['Carlos PenaVega', 'Alek Skarlatos']",True,0.912870929175277,0.5714285714285714,0.37947301581134796,0.9790979301997773,1.0,0.1875,-0.25,2.2967629613521576e-05,1.404547408502601e-05
22,1,12,percent,0,[],[],[],[],[],False,0.9999999999999999,0.48170932410192385,0.31531291082060825,1.0,1.0,28.82828282828283,26.79356060606061,0.00026508427142470006,0.00012207692324950906
22,2,12,percent,1,['Geraldo Rivera'],['Geraldo Rivera'],['Geraldo Rivera'],"['Geraldo Rivera', 'Mischa Barton']","['Geraldo Rivera', 'Mischa Barton']",False,1.0,0.4970785517522513,0.31668416607653216,1.0,1.0,25.702651515151516,25.4040404040404,0.0002420977090294046,0.00011220069444725159
22,3,11,percent,1,['Mischa Barton'],['Mischa Barton'],['Mischa Barton'],"['Mischa Barton', 'Antonio Brown']","['Mischa Barton', 'Antonio Brown']",False,1.0,0.5084264679794217,0.3301090546734218,1.0,1.0,18.320661157024794,18.948760330578516,0.00010539247320391377,5.193533356698374e-05
22,4,10,percent,1,['Marla Maples'],['Doug Flutie'],['Marla Maples'],"['Doug Flutie', 'Jodie Sweetin']","['Marla Maples', 'Doug Flutie']",True,0.9660917830792959,0.4872306588917646,0.337164429985374,0.9910303203083126,1.0,18.27111111111111,17.36111111111111,0.00022857279448813527,0.00011626807529664651
22,5,9,percent,0,[],[],[],[],[],False,1.0,0.5105106820518679,0.35467605329782376,1.0,1.0,13.223765432098766,13.791666666666668,0.0002328428734326805,0.00012797261252996876
22,6,9,percent,1,['Doug Flutie'],['Doug Flutie'],['Doug Flutie'],"['Doug Flutie', 'Ginger Zee']","['Doug Flutie', 'Ginger Zee']",False,0.9999999999999999,0.5,0.35302651801768437,1.0,1.0,11.385802469135804,11.385802469135804,0.0001632288284521075,8.906718212312842e-05
22,7,8,percent,2,"['Von Miller', 'Kim Fields']","['Jodie Sweetin', 'Kim Fields']","['Kim Fields', 'Jodie Sweetin']","['Jodie Sweetin', 'Kim Fields']","['Kim Fields', 'Jodie Sweetin']",False,0.9789450103725611,0.5201952951620062,0.36543172467408747,0.9971689625289433,1.0,9.651785714285715,10.464285714285715,2.8388885482720594e-05,1.6348436861577407e-05
22,8,6,percent,1,['Jodie Sweetin'],['Antonio Brown'],['Jodie Sweetin'],"['Antonio Brown', 'Paige VanZant']","['Jodie Sweetin', 'Wanya Morris']",True,0.41403933560541256,0.4215552523874488,0.3470034325233728,0.9225066932981876,0.9952316798967574,2.3555555555555556,1.7166666666666663,4.775333457020916e-05,2.5376199256809615e-05
22,9,5,percent,2,"['Wanya Morris', 'Antonio Brown']","['Antonio Brown', 'Ginger Zee']","['Antonio Brown', 'Ginger Zee']","['Antonio Brown', 'Ginger Zee']","['Antonio Brown', 'Ginger Zee']",False,0.9999999999999999,0.5,0.41077343457948173,1.0,1.0,4.5,4.5,7.657551789553209e-05,5.338386002369292e-05
22,10,3,percent,0,[],[],[],[],[],False,1.0,0.5,0.44763886807736064,1.0,1.0,1.6666666666666665,1.6666666666666665,8.432164842323463e-05,6.833508926163971e-05
23,1,13,percent,0,[],[],[],[],[],False,1.0,0.5062214445416545,0.31068962087601854,1.0,1.0,30.056213017751475,30.813609467455617,0.0001301538632936583,5.8663637842863004e-05
23,2,13,percent,1,['Jake T. Austin'],['Rick Perry'],['Jake T. Austin'],"['Rick Perry', 'Jake T. Austin']","['Jake T. Austin', 'Rick Perry']",True,0.9934852726704039,0.5199996316826577,0.30916671792205674,0.9984739671010389,1.0,25.704635108481263,27.84664694280079,0.00010114916791830492,4.526700880969002e-05
23,3,12,percent,1,['Rick Perry'],['Rick Perry'],['Rick Perry'],"['Rick Perry', 'Vanilla Ice']","['Rick Perry', 'Vanilla Ice']",False,1.0,0.5184190818013538,0.31995235838744135,1.0,1.0,21.51578282828283,23.161616161616166,0.00011917353690714565,5.606938669825963e-05
23,4,11,percent,2,"['Vanilla Ice', 'Babyface']","['Babyface', 'Marilu Henner']","['Babyface', 'Marilu Henner']","['Babyface', 'Marilu Henner']","['Babyface', 'Marilu Henner']",False,1.0,0.5056044835868695,0.3311130559822419,1.0,1.0,20.41322314049587,20.876033057851238,0.00021222816387495388,0.00010505738904700523
23,5,9,percent,0,[],[],[],[],[],False,1.0,0.5,0.3542663128015273,1.0,1.0,7.9228395061728385,7.9228395061728385,8.786071511223038e-05,4.8202675808902584e-05
23,6,9,percent,1,['Amber Rose'],['Amber Rose'],['Amber Rose'],"['Amber Rose', 'Terra Jole']","['Amber Rose', 'Terra Jole']",False,1.0,0.5104597951623447,0.3528490683472201,1.0,1.0,13.867283950617285,14.459876543209877,0.00027919497080327183,0.0001522267534770698
23,7,8,percent,1,['Maureen McCormick'],['Marilu Henner'],['Maureen McCormick'],"['Marilu Henner', 'Maureen McCormick']","['Maureen McCormick', 'Marilu Henner']",True,0.9789450103725611,0.5132661551261902,0.36586622550858844,0.9972624605616627,1.0,11.752232142857142,12.392857142857142,6.108155727575696e-05,3.524126881049848e-05
23,8,7,percent,1,['Ryan Lochte'],['Marilu Henner'],['Ryan Lochte'],"['Marilu Henner', 'Terra Jole']","['Ryan Lochte', 'Marilu Henner']",True,0.9258200997725516,0.49620253164556966,0.3763907345679778,0.9902192376989821,0.998133176345842,8.122448979591836,7.999999999999999,0.0007017598942192323,0.0004235599705089948
23,9,6,percent,1,['Marilu Henner'],['Marilu Henner'],['Marilu Henner'],"['Marilu Henner', 'James Hinchcliffe']","['Marilu Henner', 'James Hinchcliffe']",False,1.0,0.5271193250301327,0.3948787075472631,1.0,1.0,6.538888888888888,7.288888888888889,9.533366160978732e-05,6.22110534726577e-05
23,10,5,percent,1,['Terra Jole'],['Jana Kramer'],['Terra Jole'],"['Jana Kramer', 'Calvin Johnson Jr.']","['Terra Jole', 'Calvin Johnson Jr.']",True,0.35856858280031806,0.3640776699029126,0.34867583236905697,0.8100009061656965,0.993756817327613,1.31,0.75,8.977309890453785e-06,4.805857288966093e-06
23,11,4,percent,1,['Jana Kramer'],['Jana Kramer'],['Jana Kramer'],"['Jana Kramer', 'Calvin Johnson Jr.']","['Jana Kramer', 'Calvin Johnson Jr.']",False,1.0,0.5,0.4273194424852559,1.0,1.0,2.9166666666666665,2.9166666666666665,0.0001920523300444923,0.00014330448890871226
24,1,12,percent,0,[],[],[],[],[],False,1.0,0.4946616658478425,0.318403589656764,1.0,1.0,26.62373737373737,26.06123737373737,0.00031604854941746994,0.00014764014468570953
24,2,12,percent,1,['Chris Kattan'],['Chris Kattan'],['Chris Kattan'],"['Chris Kattan', 'Mr. T']","['Chris Kattan', 'Mr. T']",False,1.0,0.5058560927738509,0.318699516149232,1.0,1.0,24.318181818181817,24.894570707070706,0.00014193745970367006,6.63956665278387e-05
24,3,11,percent,1,['Charo'],['Charo'],['Charo'],"['Charo', 'Bonner Bolton']","['Charo', 'Bonner Bolton']",False,1.0,0.529628027681661,0.33000390924274425,1.0,1.0,17.975206611570247,20.239669421487605,0.00022692550714362823,0.00011177125582874698
24,4,10,percent,1,['Mr. T'],['Mr. T'],['Mr. T'],"['Mr. T', 'Erika Jayne']","['Mr. T', 'Erika Jayne']",False,1.0,0.5,0.34259300600282294,1.0,1.0,16.065555555555555,16.065555555555555,0.00014143105541732548,7.370364304000915e-05
24,5,9,percent,1,['Erika Jayne'],['Bonner Bolton'],['Erika Jayne'],"['Bonner Bolton', 'David Ross']","['Erika Jayne', 'David Ross']",True,0.8733260632194672,0.505365199365931,0.35267720679984244,0.9937120454294808,0.9986381285793452,12.52006172839506,12.791666666666668,0.00016954438824750133,9.237190765384938e-05
24,6,8,percent,1,['Heather Morris'],['Bonner Bolton'],['Heather Morris'],"['Bonner Bolton', 'Nancy Kerrigan']","['Heather Morris', 'David Ross']",True,0.46291004988627577,0.5,0.31859840795849337,0.8532544545433632,0.9995242382814018,2.678571428571429,2.678571428571429,3.063349786018141e-05,1.43231007418298e-05
24,7,7,percent,2,"['Nick Viall', 'Nancy Kerrigan']","['Bonner Bolton', 'David Ross']","['Nancy Kerrigan', 'Bonner Bolton']","['Bonner Bolton', 'David Ross']","['Nancy Kerrigan', 'Bonner Bolton']",True,0.8451542547285166,0.48615597600369176,0.3770768864327073,0.968831196708715,0.9982821542079857,7.574829931972789,7.166666666666666,0.0003140533351403432,0.00019010733621740197
24,8,5,percent,1,['Bonner Bolton'],['Bonner Bolton'],['Bonner Bolton'],"['Bonner Bolton', 'David Ross']","['Bonner Bolton', 'David Ross']",False,0.9999999999999999,0.5,0.40955603848513505,1.0,1.0,4.5,4.5,0.0008372400184024104,0.0005807438597870732
24,9,4,percent,1,['Simone Biles'],['Normani'],['Simone Biles'],"['Normani', 'David Ross']","['Simone Biles', 'David Ross']",True,0.18257418583505539,0.5,0.5298329503145014,0.7116621154050223,1.0,-0.08333333333333326,-0.08333333333333326,-3.102113461859795e-05,-3.4957828899471696e-05
24,10,3,percent,0,[],[],[],[],[],False,1.0,0.5,0.4471271970589553,1.0,1.0,1.6666666666666665,1.6666666666666665,0.0003633010910093605,0.00029381405207012446
25,1,13,percent,0,[],[],[],[],[],False,1.0,0.4985245175992261,0.3092842699954537,1.0,1.0,30.166173570019726,29.988658777120314,0.0001486187186841931,6.654753890663213e-05
25,2,13,percent,2,"['Debbie Gibson', 'Barbara Corcoran']","['Barbara Corcoran', 'Derek Fisher']","['Barbara Corcoran', 'Derek Fisher']","['Barbara Corcoran', 'Derek Fisher']","['Barbara Corcoran', 'Derek Fisher']",False,0.9999999999999998,0.5047092615477105,0.3091446011813949,1.0,1.0,29.24950690335306,29.805719921104533,8.87617143625671e-05,3.971917254134039e-05
25,3,11,percent,0,[],[],[],[],[],False,1.0,0.528040945224872,0.33217775487135326,1.0,1.0,14.327272727272728,16.0297520661157,0.00011589889697018826,5.7648626814171355e-05
25,4,11,percent,1,['Derek Fisher'],['Nick Lachey'],['Derek Fisher'],"['Nick Lachey', 'Derek Fisher']","['Derek Fisher', 'Nick Lachey']",True,0.9901475429766742,0.5153260263793424,0.33179692663819715,0.9986674978481326,1.0,17.249586776859502,18.340495867768595,7.19317405732603e-05,3.571778012014782e-05
25,5,10,percent,1,['Sasha Pieterse'],['Sasha Pieterse'],['Sasha Pieterse'],"['Sasha Pieterse', 'Vanessa Lachey']","['Sasha Pieterse', 'Nick Lachey']",False,0.9555555555555554,0.5113201356228808,0.3404224279775007,0.9982273039707185,1.0,14.893333333333334,15.583333333333332,0.00012499383395682683,6.451205474941179e-05
25,6,9,percent,1,['Nick Lachey'],['Nick Lachey'],['Nick Lachey'],"['Nick Lachey', 'Drew Scott']","['Nick Lachey', 'Drew Scott']",False,0.9999999999999999,0.5,0.3518845748223306,1.0,1.0,13.589506172839505,13.589506172839505,0.0003317898395848298,0.00018014033009733054
25,7,8,percent,2,"['Vanessa Lachey', 'Nikki Bella']","['Nikki Bella', 'Terrell Owens']","['Nikki Bella', 'Terrell Owens']","['Nikki Bella', 'Terrell Owens']","['Nikki Bella', 'Terrell Owens']",False,1.0,0.5009625080209001,0.36585266877071354,1.0,1.0,12.151785714285714,12.198660714285714,0.00013647956852424283,7.873787670205645e-05
25,8,6,percent,1,['Terrell Owens'],['Drew Scott'],['Terrell Owens'],"['Drew Scott', 'Victoria Arlen']","['Terrell Owens', 'Drew Scott']",True,0.8944271909999159,0.5,0.3945105310238924,0.9855457114538233,0.9978735053736718,5.616666666666667,5.616666666666667,0.00030189867373779384,0.0001967040092259732
25,9,5,percent,1,['Victoria Arlen'],['Frankie Muniz'],['Victoria Arlen'],"['Frankie Muniz', 'Victoria Arlen']","['Victoria Arlen', 'Drew Scott']",True,0.7378647873726218,0.5,0.39613059888426,0.9912296157501183,0.9916779360328009,2.75,2.75,0.00018491203602466805,0.00012129992915027726
25,10,4,percent,1,['Drew Scott'],['Drew Scott'],['Drew Scott'],"['Drew Scott', 'Frankie Muniz']","['Drew Scott', 'Frankie Muniz']",False,1.0,0.5,0.42789049121029116,1.0,1.0,3.9375,3.9375,8.423310278923667e-05,6.29993789211807e-05
26,1,10,percent,2,"['Johnny Damon', 'Jamie Anderson']","['Johnny Damon', 'Jamie Anderson']","['Johnny Damon', 'Jamie Anderson']","['Johnny Damon', 'Jamie Anderson']","['Johnny Damon', 'Jamie Anderson']",False,0.9883036912035247,0.4896640431200808,0.33956987259120847,0.9985461775008526,0.9985461775008526,18.515555555555554,17.765555555555554,0.00018963778134794255,9.750505705040475e-05
26,2,8,percent,2,"['Kareem Abdul-Jabbar', 'Arike Ogunbowale']","['Kareem Abdul-Jabbar', 'Arike Ogunbowale']","['Kareem Abdul-Jabbar', 'Arike Ogunbowale']","['Kareem Abdul-Jabbar', 'Arike Ogunbowale']","['Kareem Abdul-Jabbar', 'Arike Ogunbowale']",False,0.8894991799933214,0.49667886674800055,0.36325832645639716,0.9989088974789946,0.9985757135021432,8.287946428571429,8.178571428571429,0.00012096005284817734,6.900717856453814e-05
26,3,6,percent,3,"['Mirai Nagasu', 'Chris Mazdzer', 'Jennie Finch Daigle']","['Jennie Finch Daigle', 'Chris Mazdzer', 'Mirai Nagasu']","['Jennie Finch Daigle', 'Chris Mazdzer', 'Mirai Nagasu']","['Jennie Finch Daigle', 'Chris Mazdzer']","['Jennie Finch Daigle', 'Chris Mazdzer']",False,1.0,0.5,0.39425687795476877,1.0,1.0,6.355555555555556,6.355555555555556,0.0005553759569413327,0.0003614746629487639
26,4,3,percent,0,[],[],[],[],[],False,1.0,0.5,0.4476426198615637,1.0,1.0,1.6666666666666665,1.6666666666666665,4.9104907735865786e-05,3.97957017274471e-05
27,1,13,percent,1,['Nikki Glaser'],['Nikki Glaser'],['Nikki Glaser'],"['Nikki Glaser', 'Joe Amabile']","['Nikki Glaser', 'Joe Amabile']",False,0.9933992677987826,0.4933827517627915,0.30526088780826705,1.0,1.0,27.63412228796844,26.912228796844175,0.00012485049748761032,5.4857964720221e-05
27,2,12,percent,1,['Danelle Umstead'],['Joe Amabile'],['Danelle Umstead'],"['Joe Amabile', 'Danelle Umstead']","['Danelle Umstead', 'Joe Amabile']",True,0.9923953268977465,0.4789789263298152,0.3181485354163603,0.9989518428547929,1.0,28.142045454545453,25.87121212121212,0.00016779213836818642,7.82909854257115e-05
27,3,11,percent,1,['Nancy McKeon'],['John Schneider'],['Nancy McKeon'],"['John Schneider', 'Nancy McKeon']","['Nancy McKeon', 'Joe Amabile']",True,0.9533126619564752,0.4813983814674184,0.3263181470972515,0.9966133175834127,0.9999564712293227,22.349586776859503,20.74628099173554,0.00020289707115969728,9.827932283912864e-05
27,4,10,percent,1,['Tinashe'],['Bobby Bones'],['Tinashe'],"['Bobby Bones', 'John Schneider']","['Tinashe', 'Joe Amabile']",True,0.7047274841194893,0.4855620488140255,0.3238346676188559,0.9834697537709867,0.9954276124362349,9.976666666666667,9.416666666666666,0.00020811253036084513,9.967096635876376e-05
27,5,9,percent,0,[],[],[],[],[],False,0.9999999999999999,0.5,0.34991274269042105,1.0,1.0,15.006172839506172,15.006172839506172,0.000421201494988871,0.0002267138275357329
27,6,9,percent,1,['Mary Lou Retton'],['Mary Lou Retton'],['Mary Lou Retton'],"['Mary Lou Retton', 'John Schneider']","['Mary Lou Retton', 'John Schneider']",False,0.9710083124552245,0.4846527688962783,0.34954369146763636,0.996225463390441,0.996225463390441,12.436728395061728,11.695987654320987,0.0003723482588811118,0.00020009335479352218
27,7,8,percent,2,"['John Schneider', 'DeMarcus Ware']","['DeMarcus Ware', 'Bobby Bones']","['DeMarcus Ware', 'Joe Amabile']","['DeMarcus Ware', 'Bobby Bones']","['DeMarcus Ware', 'Joe Amabile']",True,0.9285714285714285,0.514222386405615,0.3604217836878245,0.9893637650369856,1.0,8.805803571428571,9.321428571428571,8.211899819859486e-05,4.627655390775285e-05
27,8,6,percent,2,"['Juan Pablo Di Pace', 'Joe Amabile']","['Bobby Bones', 'Joe Amabile']","['Joe Amabile', 'Bobby Bones']","['Bobby Bones', 'Joe Amabile']","['Joe Amabile', 'Bobby Bones']",False,0.9636241116594316,0.5,0.39290182851365757,0.9983773846780658,1.0,6.88888888888889,6.88888888888889,0.0005966013021625988,0.00038610846403873167
27,9,4,percent,0,[],[],[],[],[],False,1.0,0.5,0.42770955603182,1.0,1.0,3.9375,3.9375,0.00022608707068787155,0.00016896944837649754
28,1,12,rank,0,[],[],[],[],[],False,1.0,0.49859996516659744,0.318010356597343,1.0,1.0,23.626893939393938,23.494949494949495,0.0003105228961103547,0.00014479618257984367
28,2,12,rank,1,['Mary Wilson'],['Lamar Odom'],['Lamar Odom'],"['Lamar Odom', 'Sean Spicer']","['Lamar Odom', 'Sean Spicer']",False,0.035511041211421755,0.508467509141061,0.5636511773309362,0.7239881800069429,0.8916652248094113,9.674873737373737,10.008207070707071,0.00015682516718219325,0.00020257804198180342
28,3,10,rank,0,[],[],[],[],[],False,1.0,0.49537485684080695,0.33715838021614425,1.0,1.0,19.093333333333334,18.743333333333332,0.0006132568510699224,0.0003119367891090055
28,4,10,rank,1,['Lamar Odom'],['Lamar Odom'],['Sean Spicer'],"['Lamar Odom', 'Sean Spicer']","['Sean Spicer', 'Lamar Odom']",True,0.4475234075187579,0.4416650148662042,0.575324103804477,0.9997076086069177,0.9343865479075502,15.648888888888889,12.37888888888889,0.00036208620580988667,0.0004905315411676348
28,5,9,rank,0,[],[],[],[],[],False,0.9999999999999999,0.5,0.3510304533050728,1.0,1.0,15.00617283950617,15.00617283950617,0.0002016730805869633,0.0001090858473381515
28,6,9,rank,1,['Sailor Brinkley-Cook'],['Sean Spicer'],['Sean Spicer'],"['Sean Spicer', 'Hannah Brown']","['Sean Spicer', 'Hannah Brown']",False,1.0,0.47876037845143843,0.35055617356050917,1.0,1.0,16.663580246913583,15.305555555555555,0.0001016395194898474,5.4862883569514386e-05
28,7,8,rank,1,['Karamo Brown'],['Sean Spicer'],['Sean Spicer'],"['Sean Spicer', 'Karamo Brown']","['Sean Spicer', 'Karamo Brown']",False,0.6296296296296297,0.4180549302116164,0.9173038091918361,1.0,0.6493955047154997,5.770089285714286,4.145089285714286,0.00014468960064999018,0.0016049629436326914
28,8,7,rank,1,['Kate Flannery'],['Sean Spicer'],['Sean Spicer'],"['Sean Spicer', 'Kate Flannery']","['Sean Spicer', 'Kate Flannery']",False,0.5821817364274594,0.5,0.7845821762388392,1.0,0.7445459971037959,4.5,4.5,0.0004529148304249004,0.0016495798588124146
28,9,6,rank,1,['Sean Spicer'],['Sean Spicer'],['Sean Spicer'],"['Sean Spicer', 'Lauren Alaina']","['Sean Spicer', 'Lauren Alaina']",False,0.6445033866354897,0.5,0.7723251135630306,1.0,0.8599056985597697,3.0166666666666666,3.0166666666666666,0.0006922030034075515,0.0023481103760796674
28,10,5,rank,1,['James Van Der Beek'],['James Van Der Beek'],['James Van Der Beek'],"['James Van Der Beek', 'Hannah Brown']","['James Van Der Beek', 'Hannah Brown']",False,0.9428090415820632,0.4601593625498008,0.8531018208349285,1.0,0.8888055283301961,2.71,2.3099999999999996,0.0007539269374705884,0.004378382678317026
28,11,4,rank,0,[],[],[],[],[],False,1.0,0.5,0.4282691563641972,1.0,1.0,2.9166666666666665,2.9166666666666665,4.456818767994124e-05,3.338490541631218e-05
29,1,15,rank,0,[],[],[],[],[],False,1.0,0.4892962933311985,0.2880721570662151,1.0,1.0,40.50285714285714,38.805079365079365,0.0001896060001960566,7.672155262827014e-05
29,2,15,rank,1,['Charles Oakley'],['Charles Oakley'],['Charles Oakley'],"['Charles Oakley', 'Carole Baskin']","['Charles Oakley', 'Carole Baskin']",False,0.46078982709152977,0.5579182525235812,0.8359106463334856,0.5585899167787584,0.38167398023171195,13.56952380952381,17.125079365079372,5.383398464867203e-05,0.0002742432698823017
29,3,14,rank,1,['Carole Baskin'],['Carole Baskin'],['Skai Jackson'],"['Carole Baskin', 'Skai Jackson']","['Skai Jackson', 'Carole Baskin']",True,0.1294476029133558,0.4715181206828347,0.7111730391629629,0.8582645132807598,0.796439679901567,13.632260596546313,12.162872841444269,8.481711172093408e-05,0.0002088435336534771
29,4,13,rank,1,['Anne Heche'],['Anne Heche'],['Anne Heche'],"['Anne Heche', 'Jesse Metcalfe']","['Anne Heche', 'Jesse Metcalfe']",False,0.537373290623879,0.55908064748547,0.965736999554979,0.8833032209338241,0.41382196555068534,9.05276134122288,11.47879684418146,1.8187871428841726e-05,0.0005126433807268577
29,5,12,rank,1,['Jesse Metcalfe'],['Jesse Metcalfe'],['Jesse Metcalfe'],"['Jesse Metcalfe', 'Jeannie Mai']","['Jesse Metcalfe', 'Jeannie Mai']",False,0.2833726933853859,0.5563172100595518,0.8790212907849708,0.577558544204243,0.3448369345896138,6.537878787878788,8.19760101010101,5.661771804044719e-05,0.00041137965445436203
29,6,11,rank,1,['Veron Davis'],['Veron Davis'],['Veron Davis'],"['Veron Davis', 'Chrishell Stause']","['Veron Davis', 'Chrishell Stause']",False,0.33701018549690775,0.35559736594543745,0.9163876770896473,1.0,0.2640688269232576,11.32231404958678,6.247933884297521,3.5610347255081874e-05,0.00039028796552427415
29,7,10,rank,1,['Monica Aldama'],['Monica Aldama'],['Johnny Weir'],"['Monica Aldama', 'Kaitlyn Bristowe']","['Johnny Weir', 'Skai Jackson']",True,-0.09370425713316363,0.7423611111111118,0.8935467909151991,0.9332567779054118,-0.10413967070949323,0.41222222222222094,-1.1877777777777787,-6.020366758917585e-05,0.0005053374570679254
29,8,8,rank,1,['Chrishell Stause'],['Kaitlyn Bristowe'],['Kaitlyn Bristowe'],"['Kaitlyn Bristowe', 'Nelly']","['Kaitlyn Bristowe', 'Justina Machado']",False,-0.2044652050273827,0.14406779661016958,0.9427572935937572,1.0,-0.32762317168978744,0.9017857142857144,0.1517857142857144,-2.9732764377352286e-05,0.0004896830047923194
29,9,7,rank,1,['AJ McLean'],['Nelly'],['Nelly'],"['Nelly', 'AJ McLean']","['Nelly', 'AJ McLean']",False,0.46169025843831923,0.47233429394812676,0.8345889065879137,1.0,0.6452667701898164,6.227891156462585,5.574829931972788,0.0003609809743528778,0.00182134529474185
29,10,6,rank,2,"['Johnny Weir', 'Skai Jackson']","['Nelly', 'Justina Machado']","['Nelly', 'Justina Machado']","['Nelly', 'Justina Machado']","['Nelly', 'Justina Machado']",False,0.3846153846153847,0.5226928895612708,0.9519029247381358,1.0,0.29823574517505635,3.505555555555556,3.8388888888888895,0.00011099762529479773,0.0021967856378344373
29,11,4,rank,0,[],[],[],[],[],False,1.0,0.5,0.42768092115870504,1.0,1.0,3.4375,3.4375,5.8573766113070264e-05,4.377083199408609e-05
30,1,15,rank,0,[],[],[],[],[],False,1.0,0.5050993735055408,0.2853429426840656,1.0,1.0,36.663809523809526,37.419365079365086,0.00014618000141848538,5.836566131868727e-05
30,2,15,rank,1,['Martin Kove'],['Martin Kove'],['Martin Kove'],"['Martin Kove', 'Iman Shumpert']","['Martin Kove', 'Iman Shumpert']",False,0.0,0.5693770823668343,0.7107870294218409,0.7165675001114188,0.7243072573324657,6.48285714285714,8.57174603174604,6.457388684494146e-05,0.00015870063198404903
30,3,14,rank,1,['Christine Chiu'],['Brian Austin Green'],['Brian Austin Green'],"['Brian Austin Green', 'Matt James']","['Brian Austin Green', 'Matt James']",False,0.15220388682955233,0.46010981912144705,0.8477738569033663,0.9498939401594838,0.16234945904572382,10.49607535321821,8.945054945054943,3.184245355744135e-05,0.000177336159982203
30,4,13,rank,2,"['Matt James', 'Brian Austin Green']","['Brian Austin Green', 'Cody Rigsby']","['Brian Austin Green', 'Cody Rigsby']","['Brian Austin Green', 'Cody Rigsby']","['Brian Austin Green', 'Cody Rigsby']",False,0.11731769201708263,0.4888770053475935,0.7826594567740278,0.8842026008745439,0.4207680673664133,14.13905325443787,13.523668639053252,8.483259935189504e-05,0.0003054884980960548
30,5,11,rank,1,['Melanie C'],['Iman Shumpert'],['Iman Shumpert'],"['Iman Shumpert', 'Cody Rigsby']","['Iman Shumpert', 'Cody Rigsby']",False,0.31256783892405976,0.5128516846127127,0.7970690554694375,0.7171013390979231,0.5018920130107025,11.590909090909092,12.202479338842977,0.00012530374872144384,0.0004921661448490382
30,6,10,rank,1,['Kenya Moore'],"['Mike ""The Miz"" Mizanin']","['Mike ""The Miz"" Mizanin']","['Mike ""The Miz"" Mizanin', 'Cody Rigsby']","['Mike ""The Miz"" Mizanin', 'Cody Rigsby']",False,0.40024936794580945,0.5364836692147325,0.9473634055137914,0.9990093016655767,0.04511124645220722,2.2233333333333336,2.5733333333333333,-5.337936785733555e-05,0.0009607319814496856
30,7,9,rank,1,"['Mike ""The Miz"" Mizanin']","['Mike ""The Miz"" Mizanin']","['Mike ""The Miz"" Mizanin']","['Mike ""The Miz"" Mizanin', 'Melora Hardin']","['Mike ""The Miz"" Mizanin', 'Melora Hardin']",False,0.8263342440128467,0.6684068710003368,0.9165827957911243,0.2497108500620129,0.231181811799156,3.0385802469135803,6.125,5.927449983685046e-05,0.0006513043357763389
30,8,8,rank,2,"['Jimmie Allen', 'Olivia Jade']","['Iman Shumpert', 'Jimmie Allen']","['Iman Shumpert', 'Amanda Kloots']","['Iman Shumpert', 'Jimmie Allen']","['Iman Shumpert', 'Amanda Kloots']",True,0.0,0.05357142857142857,0.9026176229124244,0.6651452740769694,0.04939672373630999,2.484375,-0.140625,-0.00015504184839659104,0.0014370516394956027
30,9,6,rank,2,"['Melora Hardin', 'Suni Lee']","['Cody Rigsby', 'Iman Shumpert']","['Cody Rigsby', 'Iman Shumpert']","['Cody Rigsby', 'Iman Shumpert']","['Cody Rigsby', 'Iman Shumpert']",False,0.6900655593423541,0.5053304904051172,0.99833752229325,0.9934394585165418,0.40958151193294756,1.2888888888888888,1.3166666666666664,-5.112769448630551e-06,0.0030702785142188156
30,10,4,rank,0,[],[],[],[],[],False,1.0,0.5,0.42802684315165795,1.0,1.0,3.9375,3.9375,5.4422273556448735e-05,4.072602650770748e-05
31,1,16,rank,1,['Jason Lewis'],['Vinny Guadagnino'],['Joseph Baena'],"['Vinny Guadagnino', 'Jason Lewis']","['Joseph Baena', ""Heidi D'Amelio""]",True,0.08632646735503004,0.3689598689598689,0.35595896440107627,-0.07192405338586733,0.9936687916488086,-1.2039062499999993,-0.7039062499999993,-8.894512234211332e-06,-4.915962165047888e-06
31,2,15,rank,1,['Teresa Giudice'],['Vinny Guadagnino'],['Vinny Guadagnino'],"['Vinny Guadagnino', 'Cheryl Ladd']","['Vinny Guadagnino', ""Heidi D'Amelio""]",False,-0.19470897094414735,0.05784919653893666,0.918145804296137,0.970805008235215,0.08563031343189438,4.839365079365077,0.2971428571428554,-7.0043404997870804e-06,7.856659987238162e-05
31,3,14,rank,1,['Cheryl Ladd'],['Cheryl Ladd'],['Cheryl Ladd'],"['Cheryl Ladd', 'Jessie James Decker']","['Cheryl Ladd', 'Jessie James Decker']",False,0.17766726362967536,0.42641425920566556,0.8456464909999496,1.0,0.281164347944906,13.223312401883828,9.830455259026685,4.7777591223096935e-05,0.0002617559693199376
31,4,13,rank,1,['Sam Champion'],['Sam Champion'],['Sam Champion'],"['Sam Champion', 'Vinny Guadagnino']","['Sam Champion', 'Vinny Guadagnino']",False,0.33620557406769463,0.4758887171561051,0.7882812700207796,1.0,0.4254829396596493,13.3767258382643,12.14595660749507,8.236984772055884e-05,0.0003066833443548104
31,5,12,rank,1,['Joseph Baena'],['Joseph Baena'],['Joseph Baena'],"['Joseph Baena', 'Trevor Donovan']","['Joseph Baena', 'Trevor Donovan']",False,0.0,0.46089809807376786,0.9239071279054513,0.9454897624971029,-0.020556051374849876,5.601010101010103,4.788510101010099,2.3896853573194662e-05,0.000290151662607162
31,6,10,rank,1,['Jessie James Decker'],['Vinny Guadagnino'],['Vinny Guadagnino'],"['Vinny Guadagnino', 'Daniel Durant']","['Vinny Guadagnino', 'Daniel Durant']",False,0.532713603903433,0.5289203084832904,0.8235998234892837,0.7010364025239074,0.45461697290808367,6.515555555555558,7.315555555555556,0.0001418955138513926,0.0006625000182742369
31,7,9,rank,1,['Jordin Sparks'],['Vinny Guadagnino'],['Vinny Guadagnino'],"['Vinny Guadagnino', 'Jordin Sparks']","['Vinny Guadagnino', 'Wayne Brady']",False,0.0,0.42219020172910665,0.7445313498012367,0.9717275748566909,0.306017605831631,4.950617283950617,3.6172839506172836,0.00010947955104042683,0.0003190644247282165
31,8,8,rank,2,"['Vinny Guadagnino', ""Heidi D'Amelio""]","['Vinny Guadagnino', ""Heidi D'Amelio""]","['Vinny Guadagnino', ""Heidi D'Amelio""]","['Vinny Guadagnino', ""Heidi D'Amelio""]","['Vinny Guadagnino', ""Heidi D'Amelio""]",False,0.4498234510602419,0.5083832335329341,0.6948470752722044,1.0,0.7838806712518377,7.330357142857142,7.580357142857142,0.00047332566709331865,0.0010777840511423413
31,9,6,rank,2,"['Trevor Donovan', 'Daniel Durant']","['Trevor Donovan', 'Daniel Durant']","['Trevor Donovan', 'Daniel Durant']","['Trevor Donovan', 'Daniel Durant']","['Trevor Donovan', 'Daniel Durant']",False,0.8864052604279183,0.5057121096725058,0.9035148206102928,1.0,0.7234364538488299,3.605555555555555,3.688888888888889,0.00030419353765571077,0.0028485553050143298
31,10,4,rank,0,[],[],[],[],[],False,1.0,0.5,0.42826120897848424,1.0,1.0,2.333333333333333,2.333333333333333,8.022128201103105e-05,6.008978883252861e-05
32,1,14,rank,1,['Matt Walsh'],['Alyson Hannigan'],['Barry Williams'],"['Alyson Hannigan', 'Barry Williams']","['Barry Williams', 'Mira Sorvino']",True,0.3962946964838807,0.2124940277114188,0.2768680302780851,0.6689976503980167,0.9998714100899516,-2.5875196232339075,0.6981946624803754,-1.923457436480924e-05,-7.364407799132454e-06
32,2,13,rank,1,['Jamie Lynn Spears'],['Tyson Beckford'],['Mauricio Umansky'],"['Tyson Beckford', 'Adrian Peterson']","['Mauricio Umansky', 'Adrian Peterson']",True,0.3789323733725367,0.5779753761969905,0.04301649202644713,0.689949914060832,0.7379355328942188,1.8254437869822482,2.5,0.00020797472434131085,-9.348481971517715e-06
32,3,12,rank,1,['Tyson Beckford'],['Adrian Peterson'],['Adrian Peterson'],"['Adrian Peterson', 'Mauricio Umansky']","['Adrian Peterson', 'Mauricio Umansky']",False,0.38080305265620007,0.48131766085872785,0.7623264553230548,0.9991734241734407,0.6748951717815679,13.399621212121211,12.434343434343436,0.000162371339430912,0.0005207982562917133
32,4,11,rank,1,['Adrian Peterson'],['Alyson Hannigan'],['Alyson Hannigan'],"['Alyson Hannigan', 'Mauricio Umansky']","['Alyson Hannigan', 'Mauricio Umansky']",False,0.3645487844484219,0.5113760849414343,0.7873527393764235,0.8500441202756887,0.5584298994770336,9.584297520661156,10.030578512396694,0.00017473193804549799,0.0006469665758836543
32,5,10,rank,1,['Mira Sorvino'],['Alyson Hannigan'],['Alyson Hannigan'],"['Alyson Hannigan', 'Barry Williams']","['Alyson Hannigan', 'Barry Williams']",False,0.4005009394574071,0.43113248797551385,0.9640404460655396,0.9625124570805733,0.3034541147294894,5.78222222222222,4.382222222222222,2.852537279409204e-05,0.0007647373257944989
32,6,9,rank,1,['Mauricio Umansky'],['Harry Jowsey'],['Harry Jowsey'],"['Harry Jowsey', 'Alyson Hannigan']","['Harry Jowsey', 'Alyson Hannigan']",False,0.6236095644623235,0.5,0.6724003500373467,1.0,0.6309978376847973,7.041666666666667,7.041666666666667,0.00027950073540931517,0.0005736770242164308
32,7,8,rank,1,['Lele Pons'],['Harry Jowsey'],['Harry Jowsey'],"['Harry Jowsey', 'Barry Williams']","['Harry Jowsey', 'Barry Williams']",False,0.6748819059987713,0.5,0.837740819885034,0.9884943205299618,0.8338911299732338,9.580357142857142,9.580357142857142,0.00024764908301044695,0.0012786071376544145
32,8,7,rank,1,['Barry Williams'],['Harry Jowsey'],['Harry Jowsey'],"['Harry Jowsey', 'Barry Williams']","['Harry Jowsey', 'Barry Williams']",False,0.5821817364274594,0.5,0.7655463750453392,1.0,0.7044233617133348,4.5,4.5,0.0005202408183109397,0.0016987089565605093
32,9,6,rank,1,['Harry Jowsey'],['Harry Jowsey'],['Harry Jowsey'],"['Harry Jowsey', 'Alyson Hannigan']","['Harry Jowsey', 'Alyson Hannigan']",False,0.8563488385776752,0.5,0.8123454489895979,1.0,0.8580174826682535,2.4166666666666665,2.4166666666666665,0.0005751039103090656,0.0024895908024623104
32,10,5,rank,0,[],[],[],[],[],False,0.9999999999999999,0.5,0.40914247036065937,1.0,1.0,4.5,4.5,0.00022496579977953599,0.00015577877652611774
32,11,5,rank,0,[],[],[],[],[],False,0.9999999999999999,0.487012987012987,0.40915003261769767,1.0,1.0,4.74,4.5,0.00015018896884011148,0.00010400241159696914
33,1,13,rank,0,[],[],[],[],[],False,1.0,0.4956419295976757,0.30982985957125125,1.0,1.0,28.07642998027614,27.59122287968442,0.0001224283544393245,5.496030274493057e-05
33,2,13,rank,2,"['Anna Delvey', 'Tori Spelling']","['Eric Roberts', 'Reginald VelJohnson']","['Eric Roberts', 'Reginald VelJohnson']","['Eric Roberts', 'Reginald VelJohnson']","['Eric Roberts', 'Reginald VelJohnson']",False,0.07725290582613706,0.4797523098093178,0.6310830133118228,0.8889500263790493,0.8023609187501926,15.659763313609469,14.440828402366861,0.00015200458487378137,0.0002600246530269973
33,3,11,rank,2,"['Reginald VelJohnson', 'Eric Roberts']","['Reginald VelJohnson', 'Eric Roberts']","['Eric Roberts', 'Reginald VelJohnson']","['Reginald VelJohnson', 'Eric Roberts']","['Eric Roberts', 'Reginald VelJohnson']",False,0.5738190417570044,0.5143167456556084,0.6785528563086203,0.9903791841474805,0.7569401602363335,8.130578512396692,8.609917355371902,0.0002002814771291838,0.0004227804509664454
33,4,9,rank,1,['Brooks Nader'],['Dwight Howard'],['Dwight Howard'],"['Dwight Howard', 'Ilona Maher']","['Dwight Howard', 'Ilona Maher']",False,0.870967741935484,0.5920207253886011,0.8701133117006752,0.47464995953850414,0.43966883884329644,6.075617283950617,8.81635802469136,0.00013968724890453624,0.0009357674472890102
33,5,8,rank,1,['Phaedra Parks'],['Dwight Howard'],['Dwight Howard'],"['Dwight Howard', 'Phaedra Parks']","['Dwight Howard', 'Phaedra Parks']",False,0.7071067811865476,0.804857621440536,0.9912878122994057,0.9830157729164475,0.5596646719947824,0.520089285714286,2.145089285714286,-1.7071011945586765e-05,0.001942369318342761
33,6,7,rank,1,['Jenn Tran'],['Stephen Nedoroscik'],['Stephen Nedoroscik'],"['Stephen Nedoroscik', 'Dwight Howard']","['Stephen Nedoroscik', 'Dwight Howard']",False,0.09999999999999999,0.45222929936305745,0.945488192670761,1.0,-0.013891555207515416,2.3401360544217686,1.9319727891156468,-8.484673358784322e-05,0.00147163685675412
33,7,6,rank,1,['Dwight Howard'],['Danny Amendola'],['Danny Amendola'],"['Danny Amendola', 'Ilona Maher']","['Danny Amendola', 'Ilona Maher']",False,0.5449492609130661,0.5,0.955881573477357,1.0,0.3451131079796995,2.4166666666666665,2.4166666666666665,0.00014140905888402182,0.0030638063132337055
33,8,5,rank,0,[],[],[],[],[],False,1.0,0.5,0.4102173493798158,1.0,1.0,5.76,5.76,0.0001027837451529319,7.14901929577432e-05
33,9,5,rank,0,[],[],[],[],[],False,0.9999999999999999,0.4912663755458515,0.41042748190929085,1.0,1.0,4.66,4.5,4.6735545404152626e-05,3.2534678308958254e-05
34,1,14,rank,0,[],[],[],[],[],False,1.0,0.5046783035684256,0.30126494691230105,1.0,1.0,28.89992150706437,29.445839874411305,0.00021900452974664934,9.442547319777409e-05
34,2,14,rank,2,"['Baron Davis', 'Corey Feldman']","['Corey Feldman', 'Andy Richter']","['Corey Feldman', 'Andy Richter']","['Corey Feldman', 'Andy Richter']","['Corey Feldman', 'Andy Richter']",False,0.058470534620468605,0.4179557748884882,0.5872644190445437,0.9988792568089678,0.7790760514991395,19.25588697017268,13.82731554160125,9.868424742873983e-05,0.00014041374165253142
34,3,12,rank,1,['Lauren Jauregui'],['Andy Richter'],['Andy Richter'],"['Andy Richter', 'Danielle Fishel']","['Andy Richter', 'Danielle Fishel']",False,0.30408758984062795,0.4992843821832848,0.9668426525987284,1.0,0.1804435035581972,7.288510101010104,7.267676767676768,1.8892490736214632e-05,0.0005508904447796125
34,4,11,rank,1,['Hilaria Baldwin'],['Andy Richter'],['Andy Richter'],"['Andy Richter', 'Jen Affleck']","['Andy Richter', 'Jen Affleck']",False,-0.12247448713915891,0.4877522454216727,0.7966900345057752,0.8659935135030543,0.36170325728260255,7.258677685950412,6.911570247933884,8.566314950266476e-05,0.00033567945067154145
34,5,10,rank,0,[],[],[],[],[],False,1.0,0.5,0.339545192426952,1.0,1.0,16.804444444444442,16.804444444444442,0.0001901722091718021,9.776908066545686e-05
34,6,10,rank,1,['Scott Hoying'],['Andy Richter'],['Andy Richter'],"['Andy Richter', 'Jen Affleck']","['Andy Richter', 'Jen Affleck']",False,0.3463394871967055,0.4583236049498015,0.8528281219828225,1.0,0.45372919828822345,7.733333333333334,6.543333333333333,0.0001169449401855296,0.0006776697767095018
34,7,9,rank,1,['Jen Affleck'],['Andy Richter'],['Andy Richter'],"['Andy Richter', 'Jen Affleck']","['Andy Richter', 'Jen Affleck']",False,0.3651483716701107,0.4959462883202433,0.7965882260634711,1.0,0.5197973760471766,6.140432098765432,6.041666666666667,0.0002245049542966634,0.0008791919947635042
34,8,8,rank,1,['Danielle Fishel'],['Andy Richter'],['Andy Richter'],"['Andy Richter', 'Danielle Fishel']","['Andy Richter', 'Danielle Fishel']",False,0.8819171036881968,0.5214669051878354,0.886108289120078,0.7483343482004616,0.7199468093753599,8.359375,9.109375,0.00016887991848314472,0.001313931404469039
34,9,7,rank,1,['Andy Richter'],['Andy Richter'],['Andy Richter'],"['Andy Richter', 'Elaine Hendrix']","['Andy Richter', 'Elaine Hendrix']",False,0.23570226039551587,0.44362416107382546,0.6348915643721207,1.0,0.8801574241943924,8.459183673469388,6.744897959183673,0.0006320591041911834,0.00109909537626947
34,10,6,rank,1,['Whitney Leavitt'],['Elaine Hendrix'],['Elaine Hendrix'],"['Elaine Hendrix', 'Jordan Chiles']","['Elaine Hendrix', 'Jordan Chiles']",False,0.5640760748177662,0.45579567779960717,0.9975986661647226,0.9907000587476268,0.11634299756615939,1.5388888888888885,1.288888888888889,-7.451123338849627e-06,0.0030954591132083225
34,11,5,rank,0,[],[],[],[],[],False,1.0,0.5,0.41061838338617906,1.0,1.0,4.86,4.86,9.717536336781257e-06,6.770145095516375e-06
