celebrity_name,fan_share_mean,score,fan_rank,final_rank,season,method
Evander Holyfield,0.1871124594889002,-9.0,5.0,5.0,1,rank
Joey McIntyre,0.21546885179321168,-5.2,4.0,3.0,1,rank
John O'Hurley,0.28049314554530685,-3.6666666666666665,1.0,2.0,1,rank
Kelly Monaco,0.23708562132383068,-6.833333333333333,3.0,4.0,1,rank
Rachel Hunter,0.24257711533589432,-3.5,2.0,1.0,1,rank
Trista Sutter,0.14276865000441913,-9.0,6.0,5.0,1,rank
Drew Lachey,0.18212008749691852,-5.5,2.0,2.0,2,rank
George Hamilton,0.11997518387472468,-10.0,9.0,8.0,2,rank
Giselle Fernandez,0.11628590776771815,-8.0,10.0,3.0,2,rank
Jerry Rice,0.1641751203871434,-8.375,3.0,5.0,2,rank
Kenny Mayne,0.14241313172477363,-11.0,5.0,9.0,2,rank
Lisa Rinna,0.1341300247834794,-8.714285714285714,6.0,6.0,2,rank
Master P,0.15033699731233763,-12.5,4.0,10.0,2,rank
Stacy Keibler,0.19896436864341618,-5.125,1.0,1.0,2,rank
Tatum O'Neal,0.12677272096221393,-9.5,7.0,7.0,2,rank
Tia Carrere,0.12659956496915292,-8.2,8.0,4.0,2,rank
Emmitt Smith,0.2081890828193075,-4.9,2.0,2.0,3,rank
Harry Hamlin,0.09295295689881376,-14.333333333333334,9.0,9.0,3,rank
Jerry Springer,0.12901295057990553,-13.285714285714286,5.0,8.0,3,rank
Joey Lawrence,0.1754198640562019,-5.777777777777778,3.0,3.0,3,rank
Mario Lopez,0.2115401215580257,-4.5,1.0,1.0,3,rank
Monique Coleman,0.15358368330852631,-7.0,4.0,4.0,3,rank
Sara Evans,0.11323399743032483,-12.6,7.0,7.0,3,rank
Shanna Moakler,0.08799104059622626,-15.0,10.0,10.0,3,rank
Tucker Carlson,0.07515389723689622,-22.0,11.0,11.0,3,rank
Vivica A. Fox,0.10690634466256456,-7.25,8.0,5.0,3,rank
Willa Ford,0.11367576885312584,-7.8,6.0,6.0,3,rank
Apolo Anton Ohno,0.17078215608585204,-4.6,1.0,2.0,4,rank
Billy Ray Cyrus,0.11776076193156226,-13.375,5.0,7.0,4,rank
Clyde Drexler,0.09533985826686775,-16.2,8.0,11.0,4,rank
Heather Mills,0.10759269682019428,-9.333333333333334,7.0,5.0,4,rank
Ian Ziering,0.1435109943288042,-7.222222222222222,4.0,4.0,4,rank
Joey Fatone,0.16982574838770254,-3.6,2.0,1.0,4,rank
John Ratzenberger,0.10843842573339849,-13.857142857142858,6.0,8.0,4,rank
Laila Ali,0.16799445050645576,-5.4,3.0,3.0,4,rank
Leeza Gibbons,0.09221864777278888,-13.25,9.0,6.0,4,rank
Paulina Porizkova,0.08544876543059254,-14.0,11.0,9.0,4,rank
Shandi Finnessey,0.08639827714884207,-15.333333333333334,10.0,10.0,4,rank
Albert Reed,0.07688742704529256,-13.0,11.0,8.0,5,rank
Cameron Mathison,0.12575229531018872,-9.25,5.0,6.0,5,rank
Floyd Mayweather Jr.,0.09047240267057446,-17.25,9.0,10.0,5,rank
Helio Castroneves,0.1655670948177923,-5.2,2.0,3.0,5,rank
Jane Seymour,0.11830131042311616,-8.571428571428571,6.0,5.0,5,rank
Jennie Garth,0.14056073756957552,-8.0,4.0,4.0,5,rank
Josie Maran,0.0739784461352578,-24.0,12.0,12.0,5,rank
Marie Osmond,0.15584372713969089,-9.3,3.0,7.0,5,rank
Mark Cuban,0.0956089449492521,-16.2,8.0,9.0,5,rank
Mel B,0.16779715456939592,-4.4,1.0,2.0,5,rank
Sabrina Bryan,0.11293464013024185,-4.166666666666667,7.0,1.0,5,rank
Wayne Newton,0.08781686157528468,-18.0,10.0,11.0,5,rank
Adam Carolla,0.08650802099247162,-18.25,9.0,10.0,6,rank
Cristian de la Fuente,0.15957321069936306,-8.0,3.0,4.0,6,rank
Jason Taylor,0.16264938392829165,-5.6,2.0,2.0,6,rank
Kristi Yamaguchi,0.16966647637319615,-2.4,1.0,1.0,6,rank
Mario,0.12801637349366282,-7.375,5.0,3.0,6,rank
Marissa Jaret Winokur,0.13826845772073038,-10.444444444444445,4.0,6.0,6,rank
Marlee Matlin,0.1040905793103037,-11.5,7.0,8.0,6,rank
Monica Seles,0.07296478008376175,-23.0,12.0,12.0,6,rank
Penn Jillette,0.075500356031271,-20.0,11.0,11.0,6,rank
Priscilla Presley,0.09981647005994165,-10.6,8.0,7.0,6,rank
Shannon Elizabeth,0.11478669141445048,-9.285714285714286,6.0,5.0,6,rank
Steve Guttenberg,0.08082238676432668,-18.0,10.0,9.0,6,rank
Brooke Burke,0.1720326993559021,-2.7,1.0,1.0,7,rank
Cloris Leachman,0.09561597860893471,-16.333333333333332,8.0,10.0,7,rank
Cody Linley,0.14062512478902453,-9.0,4.0,5.0,7,rank
Jeffrey Ross,0.06469673329645914,-26.0,13.0,13.0,7,rank
Kim Kardashian,0.07651000355999873,-18.5,11.0,11.0,7,rank
Lance Bass,0.1717546830877318,-5.7,2.0,2.0,7,rank
Maurice Greene,0.1196260504993028,-11.0,6.0,8.0,7,rank
Misty May-Treanor,0.08619818565415607,-9.0,10.0,5.0,7,rank
Rocco DiSpirito,0.09020849607916932,-19.0,9.0,12.0,7,rank
Susan Lucci,0.12333192564116204,-9.857142857142858,5.0,7.0,7,rank
Ted McGinley,0.07530612124223089,-16.0,12.0,9.0,7,rank
Toni Braxton,0.09824409781116646,-8.0,7.0,4.0,7,rank
Warren Sapp,0.1584998590986766,-6.4,3.0,3.0,7,rank
Belinda Carlisle,0.06813189776998363,-20.0,13.0,12.0,8,rank
Chuck Wicks,0.1079903427683692,-10.75,6.0,5.0,8,rank
David Alan Grier,0.08413625018922082,-14.2,9.0,7.0,8,rank
Denise Richards,0.07039951449479377,-15.333333333333334,12.0,8.0,8,rank
Gilles Marini,0.15981320670910976,-3.4545454545454546,1.0,1.0,8,rank
Holly Madison,0.07509571247744938,-17.75,10.0,10.0,8,rank
Lawrence Taylor,0.0949635892865892,-15.857142857142858,7.0,9.0,8,rank
Lil' Kim,0.12277634873199866,-6.333333333333333,5.0,4.0,8,rank
Melissa Rycroft,0.15711451806839627,-4.636363636363637,2.0,2.0,8,rank
Shawn Johnson,0.15686093204648802,-5.0,3.0,3.0,8,rank
Steve Wozniak,0.0729699109929902,-22.75,11.0,13.0,8,rank
Steve-O,0.08673626053864318,-18.0,8.0,11.0,8,rank
Ty Murray,0.1273846122110929,-12.3,4.0,6.0,8,rank
Aaron Carter,0.10888781591568623,-7.125,5.0,4.0,9,rank
Ashley Hamiliton,0.056528663690085384,-30.0,15.0,15.0,9,rank
Chuck Liddell,0.06925633065871507,-20.0,11.0,12.0,9,rank
Debi Mazar,0.06453981340132964,-17.666666666666668,13.0,10.0,9,rank
Donny Osmond,0.1484967549861838,-6.6,2.0,3.0,9,rank
Joanna Krupa,0.1255992626896821,-5.666666666666667,4.0,2.0,9,rank
Kathy Ireland,0.06230296237244717,-25.5,14.0,14.0,9,rank
Kelly Osbourne,0.14085839944272383,-9.6,3.0,5.0,9,rank
Louie Vito,0.0802928326745852,-16.5,10.0,9.0,9,rank
Macy Gray,0.05652865960868322,-31.0,16.0,16.0,9,rank
Mark Dacascos,0.09337276358104184,-11.571428571428571,6.0,7.0,9,rank
Melissa Joan Hart,0.08442621994395015,-14.166666666666666,8.0,8.0,9,rank
Michael Irvin,0.08853185421430643,-18.428571428571427,7.0,11.0,9,rank
Mya,0.15297687874207166,-3.8,1.0,1.0,9,rank
Natalie Coughlin,0.08196922778249467,-10.8,9.0,6.0,9,rank
Tom DeLay,0.06512766222798096,-24.666666666666668,12.0,13.0,9,rank
Aiden Turner,0.09171058926114636,-16.75,9.0,9.0,10,rank
Buzz Aldrin,0.08708703032498362,-18.666666666666668,10.0,11.0,10,rank
Chad Ochocinco,0.13686310985167413,-10.555555555555555,4.0,6.0,10,rank
Erin Andrews,0.16348550104167153,-6.3,3.0,3.0,10,rank
Evan Lysacek,0.16797279261242468,-4.0,2.0,2.0,10,rank
Jake Pavelka,0.10830713439454649,-10.5,7.0,5.0,10,rank
Kate Gosselin,0.09218465356830834,-17.6,8.0,10.0,10,rank
Nicole Scherzinger,0.17493543405073395,-2.5,1.0,1.0,10,rank
Niecy Nash,0.12223944820794867,-11.375,5.0,7.0,10,rank
Pamela Anderson,0.11950455014110514,-8.428571428571429,6.0,4.0,10,rank
Shannen Doherty,0.07548888770347414,-14.5,11.0,8.0,10,rank
Audrina Patridge,0.10787031367037851,-7.0,7.0,3.0,11,rank
Brandy,0.1475591010248168,-4.666666666666667,4.0,2.0,11,rank
Bristol Palin,0.1553741096539047,-11.3,3.0,7.0,11,rank
David Hasselhoff,0.0755648770180497,-22.0,12.0,12.0,11,rank
Florence Henderson,0.09518794730746157,-14.0,8.0,8.0,11,rank
Jennifer Grey,0.17021851536166988,-3.2,1.0,1.0,11,rank
Kurt Warner,0.1276628758201504,-9.375,5.0,6.0,11,rank
Kyle Massey,0.16135780456420978,-7.5,2.0,4.0,11,rank
Margaret Cho,0.0842502136274083,-19.666666666666668,10.0,10.0,11,rank
Michael Bolton,0.07585903581198766,-20.0,11.0,11.0,11,rank
Rick Fox,0.11809632743645948,-8.142857142857142,6.0,5.0,11,rank
The Situation,0.08782282206963933,-18.0,9.0,9.0,11,rank
Chelsea Kane,0.16945213713551216,-4.8,1.0,2.0,12,rank
Chris Jericho,0.11011562696577078,-8.5,7.0,5.0,12,rank
Hines Ward,0.1667704283574988,-3.5,2.0,1.0,12,rank
Kendra Wilkinson,0.11595520079267273,-11.571428571428571,6.0,8.0,12,rank
Kirstie Alley,0.15897798683328418,-8.5,3.0,5.0,12,rank
Mike Catherwood,0.08149378255694388,-21.0,11.0,11.0,12,rank
Petra Nemcova,0.10289699728841448,-10.6,8.0,7.0,12,rank
Ralph Macchio,0.1401745832170759,-7.555555555555555,4.0,3.0,12,rank
Romeo,0.12776536082548226,-7.875,5.0,4.0,12,rank
Sugar Ray Leonard,0.09094048483062485,-17.5,9.0,9.0,12,rank
Wendy Williams,0.0835618943192379,-19.333333333333332,10.0,10.0,12,rank
Carson Kressley,0.09749503648658135,-15.8,9.0,10.0,13,rank
Chaz Bono,0.10526041265461501,-13.5,7.0,9.0,13,rank
Chynna Phillips,0.09766663931063574,-8.0,8.0,4.0,13,rank
David Arquette,0.11534633571265977,-10.571428571428571,6.0,7.0,13,rank
Elisabetta Canalis,0.07646627924846683,-18.5,11.0,11.0,13,rank
Hope Solo,0.1373427969469674,-8.88888888888889,4.0,5.0,13,rank
J.R. Martinez,0.16688525773029006,-3.9,2.0,1.0,13,rank
Kristin Cavallari,0.08720221315048737,-9.333333333333334,10.0,6.0,13,rank
Metta World Peace (Ron),0.07492837783605234,-24.0,12.0,12.0,13,rank
Nancy Grace,0.1225381149327852,-12.375,5.0,8.0,13,rank
Ricki Lake,0.16862503206452317,-4.0,1.0,2.0,13,rank
Rob Kardashian,0.1621910868690673,-7.6,3.0,3.0,13,rank
Donald Driver,0.15058205859350476,-7.3,3.0,3.0,14,rank
Gavin DeGraw,0.08906347226694558,-16.2,9.0,11.0,14,rank
Gladys Knight,0.093047214846868,-16.0,8.0,10.0,14,rank
Jack Wagner,0.08448267708237715,-14.333333333333334,11.0,8.0,14,rank
Jaleel White,0.10502855670345033,-9.857142857142858,7.0,6.0,14,rank
Katherine Jenkins,0.15412305245470953,-3.7,1.0,1.0,14,rank
Maria Menounos,0.12889365651422147,-7.666666666666667,4.0,4.0,14,rank
Martina Navratilova,0.07676671925303671,-22.0,12.0,12.0,14,rank
Melissa Gilbert,0.10861208879682835,-14.5,6.0,9.0,14,rank
Roshon Fegan,0.11382400203739201,-8.0,5.0,5.0,14,rank
Sherri Sheperd,0.08717790684489696,-13.25,10.0,7.0,14,rank
William Levy,0.151892360974322,-5.5,2.0,2.0,14,rank
Apolo Anton Ohno,0.12187150249584246,-7.888888888888889,5.0,5.0,15,rank
Bristol Palin,0.08796931546706849,-18.5,9.0,11.0,15,rank
Drew Lachey,0.08149372573839989,-15.666666666666666,11.0,9.0,15,rank
Emmitt Smith,0.12249403449481057,-10.11111111111111,4.0,7.0,15,rank
Gilles Marini,0.11338195531657072,-6.375,6.0,3.0,15,rank
Helio Castroneves,0.0839315620666109,-11.333333333333334,10.0,8.0,15,rank
Joey Fatone,0.07328597233133322,-19.5,12.0,12.0,15,rank
Kelly Monaco,0.14402264409403012,-9.5,3.0,6.0,15,rank
Kirstie Alley,0.10697067803550514,-16.75,7.0,10.0,15,rank
Melissa Rycroft,0.1460681576059158,-6.0,1.0,2.0,15,rank
Pamela Anderson,0.07034320554288173,-26.0,13.0,13.0,15,rank
Sabrina Bryan,0.10187871407603266,-6.5,8.0,4.0,15,rank
Shawn Johnson,0.14606405233230066,-5.9,2.0,1.0,15,rank
Alexandra Raisman,0.14129266391387543,-4.7,3.0,3.0,16,rank
Andy Dick,0.09626658264549039,-15.142857142857142,7.0,9.0,16,rank
D. L. Hughley,0.08406881196323919,-19.0,10.0,12.0,16,rank
Dorothy Hamill,0.08033638659177157,-14.0,11.0,7.0,16,rank
Ingo Rademacher,0.11913857611434812,-10.555555555555555,5.0,5.0,16,rank
Jacoby Jones,0.13845251715404056,-7.2,4.0,4.0,16,rank
Kellie Pickler,0.14259469225471358,-4.4,2.0,2.0,16,rank
Lisa Vanderpump,0.0850827337914173,-16.0,9.0,10.0,16,rank
Sean Lowe,0.10861895382215048,-12.125,6.0,6.0,16,rank
Victor Ortiz,0.09407481691832746,-14.666666666666666,8.0,8.0,16,rank
Wynonna Judd,0.07945352534291046,-18.666666666666668,12.0,11.0,16,rank
Zendaya,0.14373791269448302,-3.5,1.0,1.0,16,rank
Amber Riley,0.14039289175851463,-5.7272727272727275,1.0,2.0,17,rank
Bill Engvall,0.1313027461209345,-13.090909090909092,4.0,9.0,17,rank
Bill Nye,0.07535435865527795,-22.666666666666668,11.0,12.0,17,rank
Brant Daugherty,0.10741676956333232,-9.5,7.0,6.0,17,rank
Christina Milian,0.09262004928468417,-8.4,9.0,4.0,17,rank
Corbin Bleu,0.14003666451948255,-3.8181818181818183,2.0,1.0,17,rank
Elizabeth Berkley Lauren,0.11333828877394161,-7.444444444444445,6.0,3.0,17,rank
Jack Osbourne,0.13546561706825203,-8.454545454545455,3.0,5.0,17,rank
Keyshawn Johnson,0.07467334110708668,-22.5,12.0,11.0,17,rank
Leah Remini,0.12187120775974554,-10.0,5.0,7.0,17,rank
"Nicole ""Snooki"" Polizzi",0.10249967434696139,-10.714285714285714,8.0,8.0,17,rank
Valerie Harper,0.08168108193980826,-19.0,10.0,10.0,17,rank
Amy Purdy,0.1389504675412507,-5.3,2.0,2.0,18,rank
Billy Dee Williams,0.08371560872221964,-19.5,10.0,11.0,18,rank
Candace Cameron Bure,0.13647743953913333,-10.9,4.0,6.0,18,rank
Charlie White,0.1242375330501876,-5.888888888888889,5.0,3.0,18,rank
Cody Simpson,0.09750237988291667,-14.0,9.0,8.0,18,rank
Danica McKellar,0.11623322445195781,-7.25,6.0,5.0,18,rank
Diana Nyad,0.07673306813345879,-22.0,11.0,12.0,18,rank
Drew Carey,0.10271488789209739,-14.166666666666666,8.0,9.0,18,rank
James Maslow,0.13661252744977256,-7.0,3.0,4.0,18,rank
Meryl Davis,0.15803412911010145,-3.6,1.0,1.0,18,rank
NeNe Leakes,0.10745791000754515,-13.857142857142858,7.0,7.0,18,rank
Sean Avery,0.0755399440660934,-19.0,12.0,10.0,18,rank
Alfonso Ribeiro,0.13779474127089822,-4.7272727272727275,3.0,1.0,19,rank
Antonio Sabato Jr.,0.09153549930057056,-14.857142857142858,9.0,8.0,19,rank
Bethany Mota,0.13881181345039292,-5.7272727272727275,1.0,2.0,19,rank
Betsey Johnson,0.07565910154878626,-18.5,11.0,12.0,19,rank
Janel Parrish,0.1384616462510688,-5.909090909090909,2.0,3.0,19,rank
Jonathan Bennett,0.10077750763149368,-12.333333333333334,7.0,6.0,19,rank
Lea Thompson,0.11015116280503531,-7.777777777777778,6.0,5.0,19,rank
Lolo Jones,0.06556681743306271,-25.0,13.0,13.0,19,rank
Michael Waltrip,0.09438570540369816,-17.25,8.0,10.0,19,rank
Randy Couture,0.08099989655154435,-16.333333333333332,10.0,9.0,19,rank
Sadie Robertson,0.13561851798088417,-7.0,4.0,4.0,19,rank
Tavis Smiley,0.0749927256567974,-17.5,12.0,11.0,19,rank
Tommy Chong,0.11893980775500199,-12.7,5.0,7.0,19,rank
Charlotte McKinney,0.07938196330638402,-21.666666666666668,11.0,12.0,20,rank
Chris Soules,0.11179659488567394,-12.125,5.0,7.0,20,rank
Michael Sam,0.08429647736641162,-14.75,10.0,8.0,20,rank
Nastia Liukin,0.13383668304362561,-4.0,4.0,1.0,20,rank
Noah Galloway,0.14574100329164344,-10.5,3.0,5.0,20,rank
Patti LaBelle,0.09402617870208803,-15.666666666666666,8.0,10.0,20,rank
Redfoo,0.07124480267038474,-19.5,12.0,11.0,20,rank
Riker Lynch,0.1549905763764893,-4.5,1.0,2.0,20,rank
Robert Herjavec,0.11172046380070964,-11.125,6.0,6.0,20,rank
Rumer Willis,0.1546894278370778,-5.0,2.0,3.0,20,rank
Suzanne Somers,0.08748609884664063,-15.4,9.0,9.0,20,rank
Willow Shields,0.10481633384184234,-7.571428571428571,7.0,4.0,20,rank
Alek Skarlatos,0.13074907166242725,-10.272727272727273,4.0,6.0,21,rank
Alexa PenaVega,0.10533947330780866,-8.666666666666666,7.0,5.0,21,rank
Andy Grammer,0.10597516297241161,-11.25,6.0,8.0,21,rank
Bindi Irwin,0.1440276736193011,-4.090909090909091,1.0,1.0,21,rank
Carlos PenaVega,0.14345581725020493,-6.636363636363637,3.0,3.0,21,rank
Chaka Khan,0.06708863293658203,-25.0,13.0,13.0,21,rank
Gary Busey,0.07877755859760777,-20.0,10.0,11.0,21,rank
Hayes Grier,0.09946012184617223,-10.714285714285714,8.0,7.0,21,rank
Kim Zolciak-Biermann,0.06896559840078573,-22.5,12.0,12.0,21,rank
Nick Carter,0.14371893550547865,-6.0,2.0,2.0,21,rank
Paula Deen,0.08439000755672786,-18.5,9.0,9.0,21,rank
Tamar Braxton,0.12112718368799642,-7.0,5.0,4.0,21,rank
Victor Espinoza,0.07137635475909576,-19.0,11.0,10.0,21,rank
Antonio Brown,0.11786595898961218,-11.666666666666666,5.0,6.0,22,rank
Doug Flutie,0.09179202359001819,-16.833333333333332,9.0,10.0,22,rank
Geraldo Rivera,0.07088517525215722,-24.0,12.0,12.0,22,rank
Ginger Zee,0.1417889015842996,-6.2,3.0,4.0,22,rank
Jodie Sweetin,0.10713937054430167,-9.75,6.0,5.0,22,rank
Kim Fields,0.0989904188720792,-14.0,8.0,9.0,22,rank
Marla Maples,0.08599193142017739,-13.25,10.0,8.0,22,rank
Mischa Barton,0.0781955318110648,-21.333333333333332,11.0,11.0,22,rank
Nyle DiMarco,0.14388088312857567,-5.3,2.0,3.0,22,rank
Paige VanZant,0.14427110244346233,-5.0,1.0,2.0,22,rank
Von Miller,0.09949555386389743,-12.0,7.0,7.0,22,rank
Wanya Morris,0.12468932342950415,-4.444444444444445,4.0,1.0,22,rank
Amber Rose,0.08808658059785858,-15.833333333333334,9.0,10.0,23,rank
Babyface,0.07982182818672764,-13.75,10.0,8.0,23,rank
Calvin Johnson Jr.,0.13245824666077605,-7.454545454545454,3.0,4.0,23,rank
Jake T. Austin,0.07079907054710198,-22.5,13.0,12.0,23,rank
James Hinchcliffe,0.13584557462667474,-4.7272727272727275,2.0,2.0,23,rank
Jana Kramer,0.13130181162493906,-7.363636363636363,4.0,3.0,23,rank
Laurie Hernandez,0.1361364320947476,-3.909090909090909,1.0,1.0,23,rank
Marilu Henner,0.10814821788119651,-11.222222222222221,6.0,6.0,23,rank
Maureen McCormick,0.09383138379904,-13.571428571428571,8.0,7.0,23,rank
Rick Perry,0.07414521639188719,-24.0,12.0,13.0,23,rank
Ryan Lochte,0.09653878423830088,-15.5,7.0,9.0,23,rank
Terra Jole,0.11734563514152244,-7.9,5.0,5.0,23,rank
Vanilla Ice,0.07976910636797009,-16.75,11.0,11.0,23,rank
Bonner Bolton,0.11245906371625095,-13.25,5.0,7.0,24,rank
Charo,0.08035687911306588,-19.333333333333332,11.0,10.0,24,rank
Chris Kattan,0.07373699130514907,-23.0,12.0,12.0,24,rank
David Ross,0.15145424000772545,-10.1,3.0,6.0,24,rank
Erika Jayne,0.08964464961805388,-13.8,9.0,9.0,24,rank
Heather Morris,0.09885821095887755,-6.5,8.0,4.0,24,rank
Mr. T,0.0821631178036438,-20.5,10.0,11.0,24,rank
Nancy Kerrigan,0.10472618002138419,-8.428571428571429,6.0,5.0,24,rank
Nick Viall,0.10339789015853351,-13.285714285714286,7.0,8.0,24,rank
Normani,0.15880581024909265,-4.6,1.0,1.0,24,rank
Rashad Jennings,0.15712616098847326,-5.5,2.0,2.0,24,rank
Simone Biles,0.13455858683889435,-5.555555555555555,4.0,3.0,24,rank
Barbara Corcoran,0.06986936444223762,-26.0,13.0,13.0,25,rank
Debbie Gibson,0.07519274441049933,-17.5,12.0,12.0,25,rank
Derek Fisher,0.08093319859741137,-17.25,11.0,11.0,25,rank
Drew Scott,0.1277671082314628,-10.9,4.0,6.0,25,rank
Frankie Muniz,0.12965979871120706,-7.1,3.0,3.0,25,rank
Jordan Fisher,0.13594136678810093,-3.0,1.0,1.0,25,rank
Lindsey Stirling,0.13348762199471428,-4.9,2.0,2.0,25,rank
Nick Lachey,0.0871716970871443,-17.166666666666668,9.0,10.0,25,rank
Nikki Bella,0.0951938921905,-11.428571428571429,8.0,7.0,25,rank
Sasha Pieterse,0.08404192830593152,-14.4,10.0,8.0,25,rank
Terrell Owens,0.10109688153767614,-14.5,6.0,9.0,25,rank
Vanessa Lachey,0.09720708344672281,-8.857142857142858,7.0,5.0,25,rank
Victoria Arlen,0.11319581387061531,-8.777777777777779,5.0,4.0,25,rank
Adam Rippon,0.19039076093347368,-2.5,1.0,1.0,26,rank
Arike Ogunbowale,0.10611375211721123,-13.0,8.0,7.0,26,rank
Chris Mazdzer,0.1280313138746024,-10.0,5.0,5.0,26,rank
Jamie Anderson,0.08820223031867103,-18.0,10.0,9.0,26,rank
Jennie Finch Daigle,0.1254433619740992,-10.333333333333334,6.0,6.0,26,rank
Johnny Damon,0.0928994379522665,-18.0,9.0,9.0,26,rank
Josh Norman,0.18581712343857634,-5.0,2.0,3.0,26,rank
Kareem Abdul-Jabbar,0.10729735177355765,-16.0,7.0,8.0,26,rank
Mirai Nagasu,0.13439887511232665,-4.666666666666667,4.0,2.0,26,rank
Tonya Harding,0.18090598339406,-6.75,3.0,4.0,26,rank
Alexis Ren,0.1276312528427355,-6.888888888888889,2.0,4.0,27,rank
Bobby Bones,0.1177088180289828,-14.0,4.0,8.0,27,rank
Danelle Umstead,0.0740496711600025,-22.0,12.0,12.0,27,rank
DeMarcus Ware,0.0995032546891514,-10.285714285714286,7.0,6.0,27,rank
Evanna Lynch,0.12750877242919317,-7.777777777777778,3.0,5.0,27,rank
Joe Amabile,0.10444291651598837,-16.0,6.0,10.0,27,rank
John Schneider,0.09740507892340906,-15.571428571428571,8.0,9.0,27,rank
Juan Pablo Di Pace,0.11511799948302343,-4.125,5.0,1.0,27,rank
Mary Lou Retton,0.09336723953232366,-11.666666666666666,9.0,7.0,27,rank
Milo Manheim,0.1298131279909239,-4.888888888888889,1.0,2.0,27,rank
Nancy McKeon,0.07737817879732654,-18.333333333333332,11.0,11.0,27,rank
Nikki Glaser,0.0637469899495995,-25.0,13.0,13.0,27,rank
Tinashe,0.08425307230948453,-6.0,10.0,3.0,27,rank
Ally Brooke,0.14301192150754916,-6.090909090909091,1.0,2.0,28,rank
Hannah Brown,0.131584165067251,-8.0,5.0,5.0,28,rank
James Van Der Beek,0.13204556089299052,-5.4,4.0,1.0,28,rank
Karamo Brown,0.08887824706320026,-13.285714285714286,11.0,9.0,28,rank
Kate Flannery,0.11208770237504932,-9.0,6.0,7.0,28,rank
Kel Mitchell,0.13486674792452902,-7.7272727272727275,2.0,4.0,28,rank
Lamar Odom,0.07621653046388586,-21.25,12.0,12.0,28,rank
Lauren Alaina,0.1337917048835791,-8.272727272727273,3.0,6.0,28,rank
Mary Wilson,0.09724520028621672,-10.5,8.0,8.0,28,rank
Ray Lewis,0.0949525045285056,-14.5,10.0,10.0,28,rank
Sailor Brinkley-Cook,0.10349594081358642,-7.666666666666667,7.0,3.0,28,rank
Sean Spicer,0.09718421478320002,-16.666666666666668,9.0,11.0,28,rank
AJ McLean,0.0932925271890363,-9.666666666666666,7.0,5.0,29,rank
Anne Heche,0.07590364192545782,-13.5,12.0,9.0,29,rank
Carole Baskin,0.0557436799582716,-27.0,14.0,14.0,29,rank
Charles Oakley,0.05265383145238391,-27.0,15.0,14.0,29,rank
Chrishell Stause,0.08584463464751513,-14.125,8.0,12.0,29,rank
Jeannie Mai,0.0828994335620469,-11.571428571428571,10.0,8.0,29,rank
Jesse Metcalfe,0.06578468105310811,-15.8,13.0,13.0,29,rank
Johnny Weir,0.1039222198585528,-8.9,4.0,4.0,29,rank
Justina Machado,0.11237294062225986,-8.272727272727273,3.0,3.0,29,rank
Kaitlyn Bristowe,0.11492446902593688,-8.181818181818182,2.0,2.0,29,rank
Monica Aldama,0.08463250861970292,-11.285714285714286,9.0,7.0,29,rank
Nelly,0.10031678108757963,-13.727272727272727,5.0,10.0,29,rank
Nev Schulman,0.11941696019236912,-7.636363636363637,1.0,1.0,29,rank
Skai Jackson,0.09580307649183048,-11.0,6.0,6.0,29,rank
Veron Davis,0.08020238056431934,-13.833333333333334,11.0,11.0,29,rank
Amanda Kloots,0.11568635465458361,-8.3,1.0,3.0,30,rank
Brian Austin Green,0.06125222065411044,-20.5,14.0,14.0,30,rank
Christine Chiu,0.0745258178790066,-13.0,12.0,8.0,30,rank
Cody Rigsby,0.10456239766156843,-13.6,5.0,10.0,30,rank
Iman Shumpert,0.0935119011727668,-14.8,7.0,12.0,30,rank
Jimmie Allen,0.09208034921999567,-13.5,8.0,9.0,30,rank
JoJo Siwa,0.11023370248201599,-7.8,2.0,1.0,30,rank
Kenya Moore,0.08535714862154568,-11.833333333333334,9.0,7.0,30,rank
Martin Kove,0.05881658035400193,-28.0,15.0,15.0,30,rank
Matt James,0.07276392221225879,-18.0,13.0,13.0,30,rank
Melanie C,0.07890366531631492,-10.0,10.0,6.0,30,rank
Melora Hardin,0.10578782503700371,-9.666666666666666,3.0,5.0,30,rank
"Mike ""The Miz"" Mizanin",0.07888405608424241,-14.142857142857142,11.0,11.0,30,rank
Olivia Jade,0.09790741515688582,-9.625,6.0,4.0,30,rank
Suni Lee,0.10577101147016893,-8.0,4.0,2.0,30,rank
Charli D'Amelio,0.11366231569856244,-8.7,3.0,1.0,31,rank
Cheryl Ladd,0.06847841227068711,-19.0,15.0,16.0,31,rank
Daniel Durant,0.09335149992941011,-11.88888888888889,6.0,7.0,31,rank
Gabby Windey,0.10023543344464281,-9.5,4.0,4.0,31,rank
Heidi D'Amelio,0.08612310321139188,-11.625,7.0,5.0,31,rank
Jason Lewis,0.08015098190325247,-17.0,9.0,12.0,31,rank
Jessie James Decker,0.07614930679503024,-16.166666666666668,12.0,11.0,31,rank
Jordin Sparks,0.08055202742845409,-12.714285714285714,8.0,9.0,31,rank
Joseph Baena,0.06531804092338107,-17.4,16.0,14.0,31,rank
Sam Champion,0.0726767610200489,-17.25,14.0,13.0,31,rank
Selma Blair,0.07413286147378637,-12.4,13.0,8.0,31,rank
Shangela,0.12142388276071317,-9.2,1.0,3.0,31,rank
Teresa Giudice,0.07666464706237099,-15.5,11.0,10.0,31,rank
Trevor Donovan,0.09704923726591669,-11.777777777777779,5.0,6.0,31,rank
Vinny Guadagnino,0.07774253763630888,-17.5,10.0,15.0,31,rank
Wayne Brady,0.11746148177458197,-9.0,2.0,2.0,31,rank
Adrian Peterson,0.06451724304014676,-16.5,14.0,14.0,32,rank
Alyson Hannigan,0.10497368300155051,-13.363636363636363,5.0,10.0,32,rank
Ariana Madix,0.13317537877030658,-7.7272727272727275,2.0,2.0,32,rank
Barry Williams,0.08924022482096619,-13.125,11.0,9.0,32,rank
Charity Lawson,0.1341846147627543,-7.7272727272727275,1.0,2.0,32,rank
Harry Jowsey,0.09541779989955353,-13.88888888888889,9.0,11.0,32,rank
Jamie Lynn Spears,0.07657153587847501,-12.5,13.0,7.0,32,rank
Jason Mraz,0.12565396566064582,-7.818181818181818,4.0,4.0,32,rank
Lele Pons,0.10485810608671818,-9.142857142857142,6.0,5.0,32,rank
Matt Walsh,0.0940540582966704,-13.0,10.0,8.0,32,rank
Mauricio Umansky,0.07868751014265349,-14.5,12.0,12.0,32,rank
Mira Sorvino,0.0977395166999733,-10.8,8.0,6.0,32,rank
Tyson Beckford,0.10132845654166074,-15.333333333333334,7.0,13.0,32,rank
Xochitl Gomez,0.1313975526714959,-6.909090909090909,3.0,1.0,32,rank
Anna Delvey,0.08868007318136512,-14.0,9.0,10.0,33,rank
Brooks Nader,0.09978414718528765,-10.5,8.0,9.0,33,rank
Chandler Kinney,0.13609651850134744,-5.444444444444445,3.0,1.0,33,rank
Danny Amendola,0.13824940893743026,-8.333333333333334,2.0,4.0,33,rank
Dwight Howard,0.11069864168257634,-9.428571428571429,6.0,5.0,33,rank
Eric Roberts,0.0647749817295154,-23.0,12.0,13.0,33,rank
Ilona Maher,0.12658267570633291,-9.555555555555555,5.0,6.0,33,rank
Jenn Tran,0.10014776734478718,-9.666666666666666,7.0,7.0,33,rank
Joey Graziadei,0.14647820160767047,-5.555555555555555,1.0,2.0,33,rank
Phaedra Parks,0.08651795507169528,-10.4,10.0,8.0,33,rank
Reginald VelJohnson,0.06744217358205686,-22.333333333333332,11.0,12.0,33,rank
Stephen Nedoroscik,0.13029915832944047,-8.222222222222221,4.0,3.0,33,rank
Tori Spelling,0.05956563000808717,-22.0,13.0,11.0,33,rank
Alix Earle,0.11784021013962956,-7.0,3.0,3.0,34,rank
Andy Richter,0.07563865130739703,-19.444444444444443,13.0,13.0,34,rank
Baron Davis,0.07621832359739758,-16.0,12.0,12.0,34,rank
Corey Feldman,0.05793079047215695,-26.5,14.0,14.0,34,rank
Danielle Fishel,0.08537706435138412,-13.125,10.0,10.0,34,rank
Dylan Efron,0.1205091198754932,-9.545454545454545,2.0,6.0,34,rank
Elaine Hendrix,0.10742768542914051,-10.545454545454545,6.0,8.0,34,rank
Hilaria Baldwin,0.08639419907001619,-8.5,9.0,5.0,34,rank
Jen Affleck,0.07634131662095281,-13.857142857142858,11.0,11.0,34,rank
Jordan Chiles,0.116605584793267,-8.363636363636363,5.0,4.0,34,rank
Lauren Jauregui,0.08870898244575325,-10.333333333333334,8.0,7.0,34,rank
Robert Irwin,0.12838167362760347,-6.181818181818182,1.0,1.0,34,rank
Scott Hoying,0.09150237381095867,-13.0,7.0,9.0,34,rank
Whitney Leavitt,0.11744231799370271,-6.6,4.0,2.0,34,rank
Evander Holyfield,0.1871124594889002,0.321606327306135,5.0,5.0,1,percent
Joey McIntyre,0.21546885179321168,0.43350837374955437,4.0,4.0,1,percent
John O'Hurley,0.28049314554530685,0.5668788277503284,1.0,1.0,1,percent
Kelly Monaco,0.23708562132383068,0.49825041968987915,3.0,2.0,1,percent
Rachel Hunter,0.24257711533589432,0.4672909891541027,2.0,3.0,1,percent
Trista Sutter,0.14276865000441913,0.30384985403808357,6.0,6.0,1,percent
Drew Lachey,0.18212008749691852,0.3823071342987341,2.0,2.0,2,percent
George Hamilton,0.11997518387472468,0.25130367283638094,9.0,6.0,2,percent
Giselle Fernandez,0.11628590776771815,0.23589518737699774,10.0,7.0,2,percent
Jerry Rice,0.1641751203871434,0.32935307262496427,3.0,3.0,2,percent
Kenny Mayne,0.14241313172477363,0.2090797983914403,5.0,10.0,2,percent
Lisa Rinna,0.1341300247834794,0.29523428922587314,6.0,4.0,2,percent
Master P,0.15033699731233763,0.21761060977582353,4.0,9.0,2,percent
Stacy Keibler,0.19896436864341618,0.39952650511318194,1.0,1.0,2,percent
Tatum O'Neal,0.12677272096221393,0.22824707993657292,7.0,8.0,2,percent
Tia Carrere,0.12659956496915292,0.2584684565213373,8.0,5.0,2,percent
Emmitt Smith,0.2081890828193075,0.41656323062361766,2.0,2.0,3,percent
Harry Hamlin,0.09295295689881376,0.18554403033484204,9.0,9.0,3,percent
Jerry Springer,0.12901295057990553,0.24703440894753562,5.0,5.0,3,percent
Joey Lawrence,0.1754198640562019,0.3533587122593429,3.0,3.0,3,percent
Mario Lopez,0.2115401215580257,0.42707599495021176,1.0,1.0,3,percent
Monique Coleman,0.15358368330852631,0.3087735351337371,4.0,4.0,3,percent
Sara Evans,0.11323399743032483,0.2165217569823441,7.0,8.0,3,percent
Shanna Moakler,0.08799104059622626,0.17826995774142723,10.0,10.0,3,percent
Tucker Carlson,0.07515389723689622,0.1317576708218019,11.0,11.0,3,percent
Vivica A. Fox,0.10690634466256456,0.221848423365923,8.0,7.0,3,percent
Willa Ford,0.11367576885312584,0.2338036069080756,6.0,6.0,3,percent
Apolo Anton Ohno,0.17078215608585204,0.348793950484995,1.0,1.0,4,percent
Billy Ray Cyrus,0.11776076193156226,0.22403198221835116,5.0,5.0,4,percent
Clyde Drexler,0.09533985826686775,0.17080881643991902,8.0,11.0,4,percent
Heather Mills,0.10759269682019428,0.2194417799224647,7.0,6.0,4,percent
Ian Ziering,0.1435109943288042,0.289335363378909,4.0,4.0,4,percent
Joey Fatone,0.16982574838770254,0.3466323312498424,2.0,2.0,4,percent
John Ratzenberger,0.10843842573339849,0.20898995491297503,6.0,7.0,4,percent
Laila Ali,0.16799445050645576,0.3415896332418293,3.0,3.0,4,percent
Leeza Gibbons,0.09221864777278888,0.18042667005526983,9.0,8.0,4,percent
Paulina Porizkova,0.08544876543059254,0.17442241314210433,11.0,10.0,4,percent
Shandi Finnessey,0.08639827714884207,0.17646358981528212,10.0,9.0,4,percent
Albert Reed,0.07688742704529256,0.16186110523252079,11.0,10.0,5,percent
Cameron Mathison,0.12575229531018872,0.251813085919498,5.0,5.0,5,percent
Floyd Mayweather Jr.,0.09047240267057446,0.17658013059574768,9.0,9.0,5,percent
Helio Castroneves,0.1655670948177923,0.33460769764776244,2.0,2.0,5,percent
Jane Seymour,0.11830131042311616,0.2352776289008165,6.0,6.0,5,percent
Jennie Garth,0.14056073756957552,0.2825158302937264,4.0,4.0,5,percent
Josie Maran,0.0739784461352578,0.13623525547377918,12.0,12.0,5,percent
Marie Osmond,0.15584372713969089,0.3076404319884907,3.0,3.0,5,percent
Mark Cuban,0.0956089449492521,0.18372275593603196,8.0,8.0,5,percent
Mel B,0.16779715456939592,0.340402971048493,1.0,1.0,5,percent
Sabrina Bryan,0.11293464013024185,0.23479784990242794,7.0,7.0,5,percent
Wayne Newton,0.08781686157528468,0.15857318781025417,10.0,11.0,5,percent
Adam Carolla,0.08650802099247162,0.16456003693086205,9.0,9.0,6,percent
Cristian de la Fuente,0.15957321069936306,0.3177112711112321,3.0,3.0,6,percent
Jason Taylor,0.16264938392829165,0.3282969890035116,2.0,2.0,6,percent
Kristi Yamaguchi,0.16966647637319615,0.34696403182688507,1.0,1.0,6,percent
Mario,0.12801637349366282,0.25996209237407436,5.0,5.0,6,percent
Marissa Jaret Winokur,0.13826845772073038,0.27211222482937597,4.0,4.0,6,percent
Marlee Matlin,0.1040905793103037,0.20602452729064738,7.0,7.0,6,percent
Monica Seles,0.07296478008376175,0.13301185699205786,12.0,12.0,6,percent
Penn Jillette,0.075500356031271,0.14149609669194896,11.0,11.0,6,percent
Priscilla Presley,0.09981647005994165,0.19970311345904324,8.0,8.0,6,percent
Shannon Elizabeth,0.11478669141445048,0.23267831787610005,6.0,6.0,6,percent
Steve Guttenberg,0.08082238676432668,0.15696776895449008,10.0,10.0,6,percent
Brooke Burke,0.1720326993559021,0.35226369630498117,1.0,1.0,7,percent
Cloris Leachman,0.09561597860893471,0.18254665671535078,8.0,8.0,7,percent
Cody Linley,0.14062512478902453,0.279435189748068,4.0,4.0,7,percent
Jeffrey Ross,0.06469673329645914,0.11231578091550677,13.0,13.0,7,percent
Kim Kardashian,0.07651000355999873,0.1516778912278864,11.0,11.0,7,percent
Lance Bass,0.1717546830877318,0.33816938778971106,2.0,2.0,7,percent
Maurice Greene,0.1196260504993028,0.24593778117590492,6.0,5.0,7,percent
Misty May-Treanor,0.08619818565415607,0.1753761645380173,10.0,9.0,7,percent
Rocco DiSpirito,0.09020849607916932,0.17296227052702523,9.0,10.0,7,percent
Susan Lucci,0.12333192564116204,0.23933555149348004,5.0,6.0,7,percent
Ted McGinley,0.07530612124223089,0.14871881965492934,12.0,12.0,7,percent
Toni Braxton,0.09824409781116646,0.20326525248153068,7.0,7.0,7,percent
Warren Sapp,0.1584998590986766,0.3219303344548764,3.0,3.0,7,percent
Belinda Carlisle,0.06813189776998363,0.13707358578923978,13.0,12.0,8,percent
Chuck Wicks,0.1079903427683692,0.21851901866700957,6.0,6.0,8,percent
David Alan Grier,0.08413625018922082,0.17063613588024534,9.0,8.0,8,percent
Denise Richards,0.07039951449479377,0.14250334218719177,12.0,11.0,8,percent
Gilles Marini,0.15981320670910976,0.3278651399043762,1.0,1.0,8,percent
Holly Madison,0.07509571247744938,0.14385657215584124,10.0,10.0,8,percent
Lawrence Taylor,0.0949635892865892,0.18460218274403178,7.0,7.0,8,percent
Lil' Kim,0.12277634873199866,0.25329364712871544,5.0,4.0,8,percent
Melissa Rycroft,0.15711451806839627,0.3189528623493587,2.0,3.0,8,percent
Shawn Johnson,0.15686093204648802,0.31933650158358234,3.0,2.0,8,percent
Steve Wozniak,0.0729699109929902,0.12462134633867003,11.0,13.0,8,percent
Steve-O,0.08673626053864318,0.1559968299871627,8.0,9.0,8,percent
Ty Murray,0.1273846122110929,0.24875596736444688,4.0,5.0,8,percent
Aaron Carter,0.10888781591568623,0.22068321510693764,5.0,5.0,9,percent
Ashley Hamiliton,0.056528663690085384,0.10332663136680528,15.0,15.0,9,percent
Chuck Liddell,0.06925633065871507,0.13299449634804095,11.0,11.0,9,percent
Debi Mazar,0.06453981340132964,0.1283756300551434,13.0,12.0,9,percent
Donny Osmond,0.1484967549861838,0.2985043347904222,2.0,2.0,9,percent
Joanna Krupa,0.1255992626896821,0.2582977000711195,4.0,4.0,9,percent
Kathy Ireland,0.06230296237244717,0.11754572305569023,14.0,14.0,9,percent
Kelly Osbourne,0.14085839944272383,0.28095248143220297,3.0,3.0,9,percent
Louie Vito,0.0802928326745852,0.1566228773295962,10.0,10.0,9,percent
Macy Gray,0.05652865960868322,0.10332662728540312,16.0,16.0,9,percent
Mark Dacascos,0.09337276358104184,0.18716647110345402,6.0,6.0,9,percent
Melissa Joan Hart,0.08442621994395015,0.1678319238634168,8.0,7.0,9,percent
Michael Irvin,0.08853185421430643,0.16574608206115155,7.0,9.0,9,percent
Mya,0.15297687874207166,0.31366777324238154,1.0,1.0,9,percent
Natalie Coughlin,0.08196922778249467,0.1677269562577414,9.0,8.0,9,percent
Tom DeLay,0.06512766222798096,0.1213360143113833,12.0,13.0,9,percent
Aiden Turner,0.09171058926114636,0.1781118207215327,9.0,8.0,10,percent
Buzz Aldrin,0.08708703032498362,0.1489438667734716,10.0,11.0,10,percent
Chad Ochocinco,0.13686310985167413,0.27058539045053753,4.0,4.0,10,percent
Erin Andrews,0.16348550104167153,0.32960215635706147,3.0,3.0,10,percent
Evan Lysacek,0.16797279261242468,0.34218135464984945,2.0,2.0,10,percent
Jake Pavelka,0.10830713439454649,0.21581415882920263,7.0,7.0,10,percent
Kate Gosselin,0.09218465356830834,0.1705020614293889,8.0,9.0,10,percent
Nicole Scherzinger,0.17493543405073395,0.3600210907175765,1.0,1.0,10,percent
Niecy Nash,0.12223944820794867,0.23949277626222418,5.0,6.0,10,percent
Pamela Anderson,0.11950455014110514,0.2422939781491249,6.0,5.0,10,percent
Shannen Doherty,0.07548888770347414,0.1640056341149574,11.0,10.0,10,percent
Audrina Patridge,0.10787031367037851,0.22701599243523873,7.0,7.0,11,percent
Brandy,0.1475591010248168,0.3032745228256032,4.0,3.0,11,percent
Bristol Palin,0.1553741096539047,0.30170351985990446,3.0,4.0,11,percent
David Hasselhoff,0.0755648770180497,0.14164417217223474,12.0,11.0,11,percent
Florence Henderson,0.09518794730746157,0.18897109149414618,8.0,8.0,11,percent
Jennifer Grey,0.17021851536166988,0.3473749746969312,1.0,1.0,11,percent
Kurt Warner,0.1276628758201504,0.2482770651341737,5.0,5.0,11,percent
Kyle Massey,0.16135780456420978,0.3240763676389441,2.0,2.0,11,percent
Margaret Cho,0.0842502136274083,0.16057528787940661,10.0,10.0,11,percent
Michael Bolton,0.07585903581198766,0.13825064782785468,11.0,12.0,11,percent
Rick Fox,0.11809632743645948,0.23977326181386502,6.0,6.0,11,percent
The Situation,0.08782282206963933,0.1668821438232504,9.0,9.0,11,percent
Chelsea Kane,0.16945213713551216,0.34342032152417096,1.0,1.0,12,percent
Chris Jericho,0.11011562696577078,0.22083114170449072,7.0,7.0,12,percent
Hines Ward,0.1667704283574988,0.3380764521695385,2.0,2.0,12,percent
Kendra Wilkinson,0.11595520079267273,0.22793654725913295,6.0,6.0,12,percent
Kirstie Alley,0.15897798683328418,0.31748066552383275,3.0,3.0,12,percent
Mike Catherwood,0.08149378255694388,0.1522466005923706,11.0,11.0,12,percent
Petra Nemcova,0.10289699728841448,0.2053299637427283,8.0,8.0,12,percent
Ralph Macchio,0.1401745832170759,0.27746729653802693,4.0,4.0,12,percent
Romeo,0.12776536082548226,0.25927845060090027,5.0,5.0,12,percent
Sugar Ray Leonard,0.09094048483062485,0.17999773459724666,9.0,9.0,12,percent
Wendy Williams,0.0835618943192379,0.15570523161562952,10.0,10.0,12,percent
Carson Kressley,0.09749503648658135,0.18806754164813583,9.0,9.0,13,percent
Chaz Bono,0.10526041265461501,0.19812074476368033,7.0,8.0,13,percent
Chynna Phillips,0.09766663931063574,0.19910063988974552,8.0,7.0,13,percent
David Arquette,0.11534633571265977,0.23062104482772816,6.0,6.0,13,percent
Elisabetta Canalis,0.07646627924846683,0.1581136930237556,11.0,11.0,13,percent
Hope Solo,0.1373427969469674,0.2733857694478315,4.0,4.0,13,percent
J.R. Martinez,0.16688525773029006,0.33917349078599435,2.0,2.0,13,percent
Kristin Cavallari,0.08720221315048737,0.18302825814769585,10.0,10.0,13,percent
Metta World Peace (Ron),0.07492837783605234,0.1394445068683104,12.0,12.0,13,percent
Nancy Grace,0.1225381149327852,0.23986856424713196,5.0,5.0,13,percent
Ricki Lake,0.16862503206452317,0.3432315309421764,1.0,1.0,13,percent
Rob Kardashian,0.1621910868690673,0.32519606261760037,3.0,3.0,13,percent
Donald Driver,0.15058205859350476,0.30263985719010716,3.0,3.0,14,percent
Gavin DeGraw,0.08906347226694558,0.17334130210891777,9.0,10.0,14,percent
Gladys Knight,0.093047214846868,0.1794815723382915,8.0,8.0,14,percent
Jack Wagner,0.08448267708237715,0.1674714722149145,11.0,11.0,14,percent
Jaleel White,0.10502855670345033,0.21235782805695863,7.0,6.0,14,percent
Katherine Jenkins,0.15412305245470953,0.3116018256149985,1.0,1.0,14,percent
Maria Menounos,0.12889365651422147,0.2610559285461427,4.0,4.0,14,percent
Martina Navratilova,0.07676671925303671,0.14540226930122616,12.0,12.0,14,percent
Melissa Gilbert,0.10861208879682835,0.21143914956279317,6.0,7.0,14,percent
Roshon Fegan,0.11382400203739201,0.22885580615441153,5.0,5.0,14,percent
Sherri Sheperd,0.08717790684489696,0.17381042809498126,10.0,9.0,14,percent
William Levy,0.151892360974322,0.3067158760695853,2.0,2.0,14,percent
Apolo Anton Ohno,0.12187150249584246,0.24558498859534442,5.0,4.0,15,percent
Bristol Palin,0.08796931546706849,0.167021938570436,9.0,10.0,15,percent
Drew Lachey,0.08149372573839989,0.16336384565001835,11.0,11.0,15,percent
Emmitt Smith,0.12249403449481057,0.2441750276318048,4.0,5.0,15,percent
Gilles Marini,0.11338195531657072,0.22937170017489464,6.0,6.0,15,percent
Helio Castroneves,0.0839315620666109,0.16820410786360804,10.0,9.0,15,percent
Joey Fatone,0.07328597233133322,0.15111736630884715,12.0,12.0,15,percent
Kelly Monaco,0.14402264409403012,0.28631260797123015,3.0,3.0,15,percent
Kirstie Alley,0.10697067803550514,0.20795854851539552,7.0,8.0,15,percent
Melissa Rycroft,0.1460681576059158,0.2943086312016406,1.0,1.0,15,percent
Pamela Anderson,0.07034320554288173,0.13182602651937358,13.0,13.0,15,percent
Sabrina Bryan,0.10187871407603266,0.20889132367387542,8.0,7.0,15,percent
Shawn Johnson,0.14606405233230066,0.2937105156701686,2.0,2.0,15,percent
Alexandra Raisman,0.14129266391387543,0.2890007502339227,3.0,3.0,16,percent
Andy Dick,0.09626658264549039,0.18471271946423215,7.0,7.0,16,percent
D. L. Hughley,0.08406881196323919,0.15725584024389688,10.0,10.0,16,percent
Dorothy Hamill,0.08033638659177157,0.15692561989408382,11.0,11.0,16,percent
Ingo Rademacher,0.11913857611434812,0.23634965749175688,5.0,5.0,16,percent
Jacoby Jones,0.13845251715404056,0.2790146662632368,4.0,4.0,16,percent
Kellie Pickler,0.14259469225471358,0.29156264265587994,2.0,2.0,16,percent
Lisa Vanderpump,0.0850827337914173,0.16560576103659258,9.0,9.0,16,percent
Sean Lowe,0.10861895382215048,0.21435841370618833,6.0,6.0,16,percent
Victor Ortiz,0.09407481691832746,0.1836051546550409,8.0,8.0,16,percent
Wynonna Judd,0.07945352534291046,0.1515211946000067,12.0,12.0,16,percent
Zendaya,0.14373791269448302,0.29504681482603745,1.0,1.0,16,percent
Amber Riley,0.14039289175851463,0.28522848773939136,1.0,1.0,17,percent
Bill Engvall,0.1313027461209345,0.24978867702667618,4.0,4.0,17,percent
Bill Nye,0.07535435865527795,0.1358018161470466,11.0,12.0,17,percent
Brant Daugherty,0.10741676956333232,0.2180767696670708,7.0,7.0,17,percent
Christina Milian,0.09262004928468417,0.19307965041963687,9.0,9.0,17,percent
Corbin Bleu,0.14003666451948255,0.2846142388527506,2.0,2.0,17,percent
Elizabeth Berkley Lauren,0.11333828877394161,0.2331990168532676,6.0,6.0,17,percent
Jack Osbourne,0.13546561706825203,0.2721139532527678,3.0,3.0,17,percent
Keyshawn Johnson,0.07467334110708668,0.1417110525732521,12.0,11.0,17,percent
Leah Remini,0.12187120775974554,0.24237965073826317,5.0,5.0,17,percent
"Nicole ""Snooki"" Polizzi",0.10249967434696139,0.20692783400178438,8.0,8.0,17,percent
Valerie Harper,0.08168108193980826,0.15471965357890693,10.0,10.0,17,percent
Amy Purdy,0.1389504675412507,0.2847482657926096,2.0,2.0,18,percent
Billy Dee Williams,0.08371560872221964,0.1430792678387257,10.0,12.0,18,percent
Candace Cameron Bure,0.13647743953913333,0.26863623701694156,4.0,4.0,18,percent
Charlie White,0.1242375330501876,0.2565937366004267,5.0,5.0,18,percent
Cody Simpson,0.09750237988291667,0.19683053178092366,9.0,9.0,18,percent
Danica McKellar,0.11623322445195781,0.23781761368395155,6.0,6.0,18,percent
Diana Nyad,0.07673306813345879,0.14543535820979467,11.0,11.0,18,percent
Drew Carey,0.10271488789209739,0.1984189009236743,8.0,8.0,18,percent
James Maslow,0.13661252744977256,0.2780167185992747,3.0,3.0,18,percent
Meryl Davis,0.15803412911010145,0.3069258467581858,1.0,1.0,18,percent
NeNe Leakes,0.10745791000754515,0.21215764019360653,7.0,7.0,18,percent
Sean Avery,0.0755399440660934,0.15674066988263702,12.0,10.0,18,percent
Alfonso Ribeiro,0.13779474127089822,0.28332364387896125,3.0,1.0,19,percent
Antonio Sabato Jr.,0.09153549930057056,0.1831585426317774,9.0,8.0,19,percent
Bethany Mota,0.13881181345039292,0.2813795830235578,1.0,3.0,19,percent
Betsey Johnson,0.07565910154878626,0.15163147196448798,11.0,12.0,19,percent
Janel Parrish,0.1384616462510688,0.2822229515316148,2.0,2.0,19,percent
Jonathan Bennett,0.10077750763149368,0.18899313355061198,7.0,7.0,19,percent
Lea Thompson,0.11015116280503531,0.22774931383778718,6.0,5.0,19,percent
Lolo Jones,0.06556681743306271,0.12470660237929927,13.0,13.0,19,percent
Michael Waltrip,0.09438570540369816,0.179162965091213,8.0,9.0,19,percent
Randy Couture,0.08099989655154435,0.15911182674038438,10.0,10.0,19,percent
Sadie Robertson,0.13561851798088417,0.27536170610224564,4.0,4.0,19,percent
Tavis Smiley,0.0749927256567974,0.1526452534296246,12.0,11.0,19,percent
Tommy Chong,0.11893980775500199,0.22418586477862693,5.0,6.0,19,percent
Charlotte McKinney,0.07938196330638402,0.1508479245609504,11.0,11.0,20,percent
Chris Soules,0.11179659488567394,0.21270188025444914,5.0,7.0,20,percent
Michael Sam,0.08429647736641162,0.16715589175196838,10.0,10.0,20,percent
Nastia Liukin,0.13383668304362561,0.27504024609373134,4.0,4.0,20,percent
Noah Galloway,0.14574100329164344,0.2881295806962473,3.0,3.0,20,percent
Patti LaBelle,0.09402617870208803,0.18360133374818155,8.0,8.0,20,percent
Redfoo,0.07124480267038474,0.1505045855351918,12.0,12.0,20,percent
Riker Lynch,0.1549905763764893,0.3151072990844673,1.0,1.0,20,percent
Robert Herjavec,0.11172046380070964,0.2164465461817251,6.0,6.0,20,percent
Rumer Willis,0.1546894278370778,0.31441465467158414,2.0,2.0,20,percent
Suzanne Somers,0.08748609884664063,0.17234089380821388,9.0,9.0,20,percent
Willow Shields,0.10481633384184234,0.21849229226468148,7.0,5.0,20,percent
Alek Skarlatos,0.13074907166242725,0.26300797989779334,4.0,4.0,21,percent
Alexa PenaVega,0.10533947330780866,0.22253507797795594,7.0,6.0,21,percent
Andy Grammer,0.10597516297241161,0.21293451842509148,6.0,7.0,21,percent
Bindi Irwin,0.1440276736193011,0.29284485286476325,1.0,1.0,21,percent
Carlos PenaVega,0.14345581725020493,0.28837395628826046,3.0,3.0,21,percent
Chaka Khan,0.06708863293658203,0.12081506546892953,13.0,13.0,21,percent
Gary Busey,0.07877755859760777,0.1464680523114603,10.0,10.0,21,percent
Hayes Grier,0.09946012184617223,0.20068123061568197,8.0,8.0,21,percent
Kim Zolciak-Biermann,0.06896559840078573,0.12716153185734763,12.0,12.0,21,percent
Nick Carter,0.14371893550547865,0.2886310259239764,2.0,2.0,21,percent
Paula Deen,0.08439000755672786,0.15660548717023837,9.0,9.0,21,percent
Tamar Braxton,0.12112718368799642,0.23721118537933586,5.0,5.0,21,percent
Victor Espinoza,0.07137635475909576,0.1355722882156577,11.0,11.0,21,percent
Antonio Brown,0.11786595898961218,0.23445085062384508,5.0,5.0,22,percent
Doug Flutie,0.09179202359001819,0.17539543790708909,9.0,9.0,22,percent
Geraldo Rivera,0.07088517525215722,0.1258537084710659,12.0,12.0,22,percent
Ginger Zee,0.1417889015842996,0.28538595208070977,3.0,3.0,22,percent
Jodie Sweetin,0.10713937054430167,0.2182236921234849,6.0,6.0,22,percent
Kim Fields,0.0989904188720792,0.19709165012712665,8.0,8.0,22,percent
Marla Maples,0.08599193142017739,0.1734257432342095,10.0,10.0,22,percent
Mischa Barton,0.0781955318110648,0.14720194435963566,11.0,11.0,22,percent
Nyle DiMarco,0.14388088312857567,0.29112370347270666,2.0,2.0,22,percent
Paige VanZant,0.14427110244346233,0.29193365001683125,1.0,1.0,22,percent
Von Miller,0.09949555386389743,0.198116937584472,7.0,7.0,22,percent
Wanya Morris,0.12468932342950415,0.2504300874792708,4.0,4.0,22,percent
Amber Rose,0.08808658059785858,0.1724094631972177,9.0,9.0,23,percent
Babyface,0.07982182818672764,0.1572977646066296,10.0,10.0,23,percent
Calvin Johnson Jr.,0.13245824666077605,0.2652009708582121,3.0,3.0,23,percent
Jake T. Austin,0.07079907054710198,0.13822331297134438,13.0,13.0,23,percent
James Hinchcliffe,0.13584557462667474,0.27659068351487437,2.0,2.0,23,percent
Jana Kramer,0.13130181162493906,0.2638891093342149,4.0,4.0,23,percent
Laurie Hernandez,0.1361364320947476,0.2774152576598351,1.0,1.0,23,percent
Marilu Henner,0.10814821788119651,0.21294530574135143,6.0,6.0,23,percent
Maureen McCormick,0.09383138379904,0.1858896061816095,8.0,8.0,23,percent
Rick Perry,0.07414521639188719,0.1387703135169843,12.0,12.0,23,percent
Ryan Lochte,0.09653878423830088,0.19078471099992989,7.0,7.0,23,percent
Terra Jole,0.11734563514152244,0.23579362041888569,5.0,5.0,23,percent
Vanilla Ice,0.07976910636797009,0.15689736843157698,11.0,11.0,23,percent
Bonner Bolton,0.11245906371625095,0.21709242114885413,5.0,5.0,24,percent
Charo,0.08035687911306588,0.15433901652195178,11.0,11.0,24,percent
Chris Kattan,0.07373699130514907,0.13541927203524115,12.0,12.0,24,percent
David Ross,0.15145424000772545,0.29524967846647304,3.0,3.0,24,percent
Erika Jayne,0.08964464961805388,0.17857733614720456,9.0,9.0,24,percent
Heather Morris,0.09885821095887755,0.20647339229870418,8.0,7.0,24,percent
Mr. T,0.0821631178036438,0.15600771356295498,10.0,10.0,24,percent
Nancy Kerrigan,0.10472618002138419,0.21462887185121815,6.0,6.0,24,percent
Nick Viall,0.10339789015853351,0.20195021729534332,7.0,8.0,24,percent
Normani,0.15880581024909265,0.32274715542052246,1.0,1.0,24,percent
Rashad Jennings,0.15712616098847326,0.31824731421585833,2.0,2.0,24,percent
Simone Biles,0.13455858683889435,0.2772391159264771,4.0,4.0,24,percent
Barbara Corcoran,0.06986936444223762,0.13023667797439858,13.0,13.0,25,percent
Debbie Gibson,0.07519274441049933,0.14823474604742343,12.0,12.0,25,percent
Derek Fisher,0.08093319859741137,0.15986321496654607,11.0,11.0,25,percent
Drew Scott,0.1277671082314628,0.24965016296282622,4.0,4.0,25,percent
Frankie Muniz,0.12965979871120706,0.2597311815629971,3.0,3.0,25,percent
Jordan Fisher,0.13594136678810093,0.27789413001945074,1.0,1.0,25,percent
Lindsey Stirling,0.13348762199471428,0.2711801363820246,2.0,2.0,25,percent
Nick Lachey,0.0871716970871443,0.16738645318332288,9.0,9.0,25,percent
Nikki Bella,0.0951938921905,0.18981242053921,8.0,8.0,25,percent
Sasha Pieterse,0.08404192830593152,0.1672348241075784,10.0,10.0,25,percent
Terrell Owens,0.10109688153767614,0.20138178322218064,6.0,6.0,25,percent
Vanessa Lachey,0.09720708344672281,0.1960349383308058,7.0,7.0,25,percent
Victoria Arlen,0.11319581387061531,0.22961884059020005,5.0,5.0,25,percent
Adam Rippon,0.19039076093347368,0.3869151494467983,1.0,1.0,26,percent
Arike Ogunbowale,0.10611375211721123,0.2191533604839224,8.0,7.0,26,percent
Chris Mazdzer,0.1280313138746024,0.2546188439568395,5.0,5.0,26,percent
Jamie Anderson,0.08820223031867103,0.17867842079486151,10.0,9.0,26,percent
Jennie Finch Daigle,0.1254433619740992,0.24384261785397696,6.0,6.0,26,percent
Johnny Damon,0.0928994379522665,0.17861372366655223,9.0,10.0,26,percent
Josh Norman,0.18581712343857634,0.37218483436225125,2.0,2.0,26,percent
Kareem Abdul-Jabbar,0.10729735177355765,0.202913729165636,7.0,8.0,26,percent
Mirai Nagasu,0.13439887511232665,0.2723049897071067,4.0,4.0,26,percent
Tonya Harding,0.18090598339406,0.36246859661237546,3.0,3.0,26,percent
Alexis Ren,0.1276312528427355,0.2590085767948171,2.0,2.0,27,percent
Bobby Bones,0.1177088180289828,0.22966650391838245,4.0,5.0,27,percent
Danelle Umstead,0.0740496711600025,0.14353972226362324,12.0,12.0,27,percent
DeMarcus Ware,0.0995032546891514,0.20240812537439465,7.0,6.0,27,percent
Evanna Lynch,0.12750877242919317,0.25780148593071683,3.0,3.0,27,percent
Joe Amabile,0.10444291651598837,0.18872071302695587,6.0,8.0,27,percent
John Schneider,0.09740507892340906,0.18787567363258637,8.0,9.0,27,percent
Juan Pablo Di Pace,0.11511799948302343,0.23677402766752415,5.0,4.0,27,percent
Mary Lou Retton,0.09336723953232366,0.1902847488939976,9.0,7.0,27,percent
Milo Manheim,0.1298131279909239,0.2648895394607067,1.0,1.0,27,percent
Nancy McKeon,0.07737817879732654,0.15519050623015831,11.0,11.0,27,percent
Nikki Glaser,0.0637469899495995,0.13237444092999168,13.0,13.0,27,percent
Tinashe,0.08425307230948453,0.18375665723549664,10.0,10.0,27,percent
Ally Brooke,0.14301192150754916,0.2879543715616418,1.0,1.0,28,percent
Hannah Brown,0.131584165067251,0.273040058742053,5.0,3.0,28,percent
James Van Der Beek,0.13204556089299052,0.26307650182068615,4.0,5.0,28,percent
Karamo Brown,0.08887824706320026,0.18627280966115736,11.0,8.0,28,percent
Kate Flannery,0.11208770237504932,0.2207150316934273,6.0,6.0,28,percent
Kel Mitchell,0.13486674792452902,0.2749156781892321,2.0,2.0,28,percent
Lamar Odom,0.07621653046388586,0.13675656306923217,12.0,12.0,28,percent
Lauren Alaina,0.1337917048835791,0.2687496232815886,3.0,4.0,28,percent
Mary Wilson,0.09724520028621672,0.1746389837505099,8.0,10.0,28,percent
Ray Lewis,0.0949525045285056,0.16727014586081906,10.0,11.0,28,percent
Sailor Brinkley-Cook,0.10349594081358642,0.20844627297719906,7.0,7.0,28,percent
Sean Spicer,0.09718421478320002,0.18520287352612966,9.0,9.0,28,percent
AJ McLean,0.0932925271890363,0.18538365345471122,7.0,7.0,29,percent
Anne Heche,0.07590364192545782,0.14048190691132023,12.0,12.0,29,percent
Carole Baskin,0.0557436799582716,0.1036171390416951,14.0,14.0,29,percent
Charles Oakley,0.05265383145238391,0.10320328200183446,15.0,15.0,29,percent
Chrishell Stause,0.08584463464751513,0.16643110365198277,8.0,8.0,29,percent
Jeannie Mai,0.0828994335620469,0.16236874978991958,10.0,10.0,29,percent
Jesse Metcalfe,0.06578468105310811,0.1357116314866764,13.0,13.0,29,percent
Johnny Weir,0.1039222198585528,0.20808810488343338,4.0,4.0,29,percent
Justina Machado,0.11237294062225986,0.22824456645209737,3.0,3.0,29,percent
Kaitlyn Bristowe,0.11492446902593688,0.23462379157214672,2.0,2.0,29,percent
Monica Aldama,0.08463250861970292,0.1649334064491841,9.0,9.0,29,percent
Nelly,0.10031678108757963,0.20688096419364985,5.0,5.0,29,percent
Nev Schulman,0.11941696019236912,0.24059458597841263,1.0,1.0,29,percent
Skai Jackson,0.09580307649183048,0.19411319695064524,6.0,6.0,29,percent
Veron Davis,0.08020238056431934,0.15257390355173922,11.0,11.0,29,percent
Amanda Kloots,0.11568635465458361,0.23477747284372746,1.0,1.0,30,percent
Brian Austin Green,0.06125222065411044,0.12410785550358162,14.0,14.0,30,percent
Christine Chiu,0.0745258178790066,0.14156364185378734,12.0,12.0,30,percent
Cody Rigsby,0.10456239766156843,0.21180866696093817,5.0,3.0,30,percent
Iman Shumpert,0.0935119011727668,0.20176646384755886,7.0,6.0,30,percent
Jimmie Allen,0.09208034921999567,0.17809313062761029,8.0,8.0,30,percent
JoJo Siwa,0.11023370248201599,0.23244986169410806,2.0,2.0,30,percent
Kenya Moore,0.08535714862154568,0.16135843179752257,9.0,9.0,30,percent
Martin Kove,0.05881658035400193,0.09605666267605147,15.0,15.0,30,percent
Matt James,0.07276392221225879,0.13730793354610857,13.0,13.0,30,percent
Melanie C,0.07890366531631492,0.1585359167633223,10.0,11.0,30,percent
Melora Hardin,0.10578782503700371,0.20630516007190994,3.0,4.0,30,percent
"Mike ""The Miz"" Mizanin",0.07888405608424241,0.15877722679862433,11.0,10.0,30,percent
Olivia Jade,0.09790741515688582,0.19048700563072613,6.0,7.0,30,percent
Suni Lee,0.10577101147016893,0.20576107183538334,4.0,5.0,30,percent
Charli D'Amelio,0.11366231569856244,0.23786971498116555,3.0,1.0,31,percent
Cheryl Ladd,0.06847841227068711,0.12364442748797615,15.0,16.0,31,percent
Daniel Durant,0.09335149992941011,0.1883653987415983,6.0,6.0,31,percent
Gabby Windey,0.10023543344464281,0.21963555614554728,4.0,4.0,31,percent
Heidi D'Amelio,0.08612310321139188,0.17405008866743568,7.0,7.0,31,percent
Jason Lewis,0.08015098190325247,0.12727140075142002,9.0,15.0,31,percent
Jessie James Decker,0.07614930679503024,0.14717975670162137,12.0,11.0,31,percent
Jordin Sparks,0.08055202742845409,0.16229176660233421,8.0,8.0,31,percent
Joseph Baena,0.06531804092338107,0.13266858814071605,16.0,12.0,31,percent
Sam Champion,0.0726767610200489,0.13229505258732516,14.0,13.0,31,percent
Selma Blair,0.07413286147378637,0.14972755331118712,13.0,10.0,31,percent
Shangela,0.12142388276071317,0.2353570383365648,1.0,3.0,31,percent
Teresa Giudice,0.07666464706237099,0.13075527889279848,11.0,14.0,31,percent
Trevor Donovan,0.09704923726591669,0.18967641540586785,5.0,5.0,31,percent
Vinny Guadagnino,0.07774253763630888,0.14989876941697555,10.0,9.0,31,percent
Wayne Brady,0.11746148177458197,0.23574126483289085,2.0,2.0,31,percent
Adrian Peterson,0.06451724304014676,0.13865692881876443,14.0,14.0,32,percent
Alyson Hannigan,0.10497368300155051,0.21783422705139224,5.0,5.0,32,percent
Ariana Madix,0.13317537877030658,0.26795665401236063,2.0,3.0,32,percent
Barry Williams,0.08924022482096619,0.18144718607591684,11.0,8.0,32,percent
Charity Lawson,0.1341846147627543,0.2687978733100386,1.0,2.0,32,percent
Harry Jowsey,0.09541779989955353,0.18449918876675162,9.0,7.0,32,percent
Jamie Lynn Spears,0.07657153587847501,0.14265251372415874,13.0,13.0,32,percent
Jason Mraz,0.12565396566064582,0.2610612981328584,4.0,4.0,32,percent
Lele Pons,0.10485810608671818,0.20344151047476927,6.0,6.0,32,percent
Matt Walsh,0.0940540582966704,0.14600211024472237,10.0,12.0,32,percent
Mauricio Umansky,0.07868751014265349,0.1567231438191877,12.0,11.0,32,percent
Mira Sorvino,0.0977395166999733,0.17951658637951978,8.0,9.0,32,percent
Tyson Beckford,0.10132845654166074,0.16449439277261246,7.0,10.0,32,percent
Xochitl Gomez,0.1313975526714959,0.27039534868151877,3.0,1.0,32,percent
Anna Delvey,0.08868007318136512,0.1580630565790364,9.0,10.0,33,percent
Brooks Nader,0.09978414718528765,0.1885714874034345,8.0,8.0,33,percent
Chandler Kinney,0.13609651850134744,0.2797972256667453,3.0,2.0,33,percent
Danny Amendola,0.13824940893743026,0.27002580563177975,2.0,3.0,33,percent
Dwight Howard,0.11069864168257634,0.22127548795305238,6.0,6.0,33,percent
Eric Roberts,0.0647749817295154,0.12850675634556522,12.0,13.0,33,percent
Ilona Maher,0.12658267570633291,0.2552859132098877,5.0,5.0,33,percent
Jenn Tran,0.10014776734478718,0.20575066110743653,7.0,7.0,33,percent
Joey Graziadei,0.14647820160767047,0.2874363247817521,1.0,1.0,33,percent
Phaedra Parks,0.08651795507169528,0.18132278683745123,10.0,9.0,33,percent
Reginald VelJohnson,0.06744217358205686,0.1304270398047236,11.0,12.0,33,percent
Stephen Nedoroscik,0.13029915832944047,0.2631369140958373,4.0,4.0,33,percent
Tori Spelling,0.05956563000808717,0.1308002909000308,13.0,11.0,33,percent
Alix Earle,0.11784021013962956,0.23901885780285206,3.0,2.0,34,percent
Andy Richter,0.07563865130739703,0.15549053277223504,13.0,12.0,34,percent
Baron Davis,0.07621832359739758,0.13908022919487084,12.0,13.0,34,percent
Corey Feldman,0.05793079047215695,0.11234823212858791,14.0,14.0,34,percent
Danielle Fishel,0.08537706435138412,0.17719969792596765,10.0,7.0,34,percent
Dylan Efron,0.1205091198754932,0.2367697281751413,2.0,3.0,34,percent
Elaine Hendrix,0.10742768542914051,0.2206192983043015,6.0,6.0,34,percent
Hilaria Baldwin,0.08639419907001619,0.17120681665206577,9.0,8.0,34,percent
Jen Affleck,0.07634131662095281,0.16322108258233897,11.0,11.0,34,percent
Jordan Chiles,0.116605584793267,0.23497561334193762,5.0,4.0,34,percent
Lauren Jauregui,0.08870898244575325,0.16365790629044896,8.0,10.0,34,percent
Robert Irwin,0.12838167362760347,0.2502105005670984,1.0,1.0,34,percent
Scott Hoying,0.09150237381095867,0.1705363621333145,7.0,9.0,34,percent
Whitney Leavitt,0.11744231799370271,0.2341029982534716,4.0,5.0,34,percent
Evander Holyfield,0.1871124594889002,0.5215319246407449,5.0,3.0,1,dynamic
Joey McIntyre,0.21546885179321168,0.4479295153150707,4.0,4.0,1,dynamic
John O'Hurley,0.28049314554530685,0.640128853606075,1.0,2.0,1,dynamic
Kelly Monaco,0.23708562132383068,0.36155544962262337,3.0,6.0,1,dynamic
Rachel Hunter,0.24257711533589432,0.8888282538748884,2.0,1.0,1,dynamic
Trista Sutter,0.14276865000441913,0.4169312404137304,6.0,5.0,1,dynamic
Drew Lachey,0.18212008749691852,0.6806728027694926,2.0,2.0,2,dynamic
George Hamilton,0.11997518387472468,0.2913663324484947,9.0,9.0,2,dynamic
Giselle Fernandez,0.11628590776771815,0.5290550825434565,10.0,4.0,2,dynamic
Jerry Rice,0.1641751203871434,0.2833275740651183,3.0,10.0,2,dynamic
Kenny Mayne,0.14241313172477363,0.6171917521107491,5.0,3.0,2,dynamic
Lisa Rinna,0.1341300247834794,0.4340747500367103,6.0,8.0,2,dynamic
Master P,0.15033699731233763,0.46519630668008716,4.0,6.0,2,dynamic
Stacy Keibler,0.19896436864341618,0.7206695735541758,1.0,1.0,2,dynamic
Tatum O'Neal,0.12677272096221393,0.5138657287886297,7.0,5.0,2,dynamic
Tia Carrere,0.12659956496915292,0.44785553696380587,8.0,7.0,2,dynamic
Emmitt Smith,0.2081890828193075,0.6256471749522012,2.0,3.0,3,dynamic
Harry Hamlin,0.09295295689881376,0.24089561250313027,9.0,10.0,3,dynamic
Jerry Springer,0.12901295057990553,0.2695456374887199,5.0,8.0,3,dynamic
Joey Lawrence,0.1754198640562019,0.6370371394465653,3.0,2.0,3,dynamic
Mario Lopez,0.2115401215580257,0.7607328619819211,1.0,1.0,3,dynamic
Monique Coleman,0.15358368330852631,0.6153878173472829,4.0,4.0,3,dynamic
Sara Evans,0.11323399743032483,0.46770022132703754,7.0,7.0,3,dynamic
Shanna Moakler,0.08799104059622626,0.2515065064028847,10.0,9.0,3,dynamic
Tucker Carlson,0.07515389723689622,0.0,11.0,11.0,3,dynamic
Vivica A. Fox,0.10690634466256456,0.5939831365411338,8.0,5.0,3,dynamic
Willa Ford,0.11367576885312584,0.5634359007479297,6.0,6.0,3,dynamic
Apolo Anton Ohno,0.17078215608585204,0.8620245971637452,1.0,1.0,4,dynamic
Billy Ray Cyrus,0.11776076193156226,0.2823425026685379,5.0,11.0,4,dynamic
Clyde Drexler,0.09533985826686775,0.29018039390881495,8.0,10.0,4,dynamic
Heather Mills,0.10759269682019428,0.5660283572711219,7.0,5.0,4,dynamic
Ian Ziering,0.1435109943288042,0.5927212717768161,4.0,4.0,4,dynamic
Joey Fatone,0.16982574838770254,0.846536597905588,2.0,2.0,4,dynamic
John Ratzenberger,0.10843842573339849,0.3242769956206338,6.0,8.0,4,dynamic
Laila Ali,0.16799445050645576,0.7671908830418346,3.0,3.0,4,dynamic
Leeza Gibbons,0.09221864777278888,0.39915219510449657,9.0,6.0,4,dynamic
Paulina Porizkova,0.08544876543059254,0.316424923492143,11.0,9.0,4,dynamic
Shandi Finnessey,0.08639827714884207,0.34087636990202347,10.0,7.0,4,dynamic
Albert Reed,0.07688742704529256,0.32001377791487784,11.0,8.0,5,dynamic
Cameron Mathison,0.12575229531018872,0.4622872573362185,5.0,6.0,5,dynamic
Floyd Mayweather Jr.,0.09047240267057446,0.2809655703778859,9.0,10.0,5,dynamic
Helio Castroneves,0.1655670948177923,0.7640100875726639,2.0,3.0,5,dynamic
Jane Seymour,0.11830131042311616,0.5424551888140543,6.0,5.0,5,dynamic
Jennie Garth,0.14056073756957552,0.5512194205342957,4.0,4.0,5,dynamic
Josie Maran,0.0739784461352578,0.0,12.0,12.0,5,dynamic
Marie Osmond,0.15584372713969089,0.3742191937380904,3.0,7.0,5,dynamic
Mark Cuban,0.0956089449492521,0.24492169635723204,8.0,11.0,5,dynamic
Mel B,0.16779715456939592,0.8892097683984156,1.0,1.0,5,dynamic
Sabrina Bryan,0.11293464013024185,0.8265731986257542,7.0,2.0,5,dynamic
Wayne Newton,0.08781686157528468,0.2892678616097113,10.0,9.0,5,dynamic
Adam Carolla,0.08650802099247162,0.15647339193988974,9.0,9.0,6,dynamic
Cristian de la Fuente,0.15957321069936306,0.5382762206784666,3.0,4.0,6,dynamic
Jason Taylor,0.16264938392829165,0.6708691623407653,2.0,2.0,6,dynamic
Kristi Yamaguchi,0.16966647637319615,0.9617784819084914,1.0,1.0,6,dynamic
Mario,0.12801637349366282,0.6040216889332172,5.0,3.0,6,dynamic
Marissa Jaret Winokur,0.13826845772073038,0.3699167005330012,4.0,8.0,6,dynamic
Marlee Matlin,0.1040905793103037,0.3714744121868812,7.0,7.0,6,dynamic
Monica Seles,0.07296478008376175,0.0,12.0,12.0,6,dynamic
Penn Jillette,0.075500356031271,0.11963634444523735,11.0,11.0,6,dynamic
Priscilla Presley,0.09981647005994165,0.48063872972491195,8.0,6.0,6,dynamic
Shannon Elizabeth,0.11478669141445048,0.5234224417116338,6.0,5.0,6,dynamic
Steve Guttenberg,0.08082238676432668,0.13183336973905135,10.0,10.0,6,dynamic
Brooke Burke,0.1720326993559021,0.8886157351219641,1.0,1.0,7,dynamic
Cloris Leachman,0.09561597860893471,0.2020315860613308,8.0,12.0,7,dynamic
Cody Linley,0.14062512478902453,0.43531187875941524,4.0,8.0,7,dynamic
Jeffrey Ross,0.06469673329645914,0.0,13.0,13.0,7,dynamic
Kim Kardashian,0.07651000355999873,0.28631294654691214,11.0,10.0,7,dynamic
Lance Bass,0.1717546830877318,0.6237112303027551,2.0,3.0,7,dynamic
Maurice Greene,0.1196260504993028,0.39762511080627694,6.0,9.0,7,dynamic
Misty May-Treanor,0.08619818565415607,0.6973459796235649,10.0,2.0,7,dynamic
Rocco DiSpirito,0.09020849607916932,0.2321036347811347,9.0,11.0,7,dynamic
Susan Lucci,0.12333192564116204,0.5493092524485443,5.0,5.0,7,dynamic
Ted McGinley,0.07530612124223089,0.5058553909432306,12.0,7.0,7,dynamic
Toni Braxton,0.09824409781116646,0.5690220863745077,7.0,4.0,7,dynamic
Warren Sapp,0.1584998590986766,0.5339618230724852,3.0,6.0,7,dynamic
Belinda Carlisle,0.06813189776998363,0.2221256582295292,13.0,12.0,8,dynamic
Chuck Wicks,0.1079903427683692,0.5726236913133982,6.0,5.0,8,dynamic
David Alan Grier,0.08413625018922082,0.4672306234714257,9.0,6.0,8,dynamic
Denise Richards,0.07039951449479377,0.3763293077834357,12.0,8.0,8,dynamic
Gilles Marini,0.15981320670910976,0.8839611124399077,1.0,1.0,8,dynamic
Holly Madison,0.07509571247744938,0.3605572827589309,10.0,9.0,8,dynamic
Lawrence Taylor,0.0949635892865892,0.3602870663341447,7.0,10.0,8,dynamic
Lil' Kim,0.12277634873199866,0.7649310963517751,5.0,3.0,8,dynamic
Melissa Rycroft,0.15711451806839627,0.7464109357287807,2.0,4.0,8,dynamic
Shawn Johnson,0.15686093204648802,0.8223313251554959,3.0,2.0,8,dynamic
Steve Wozniak,0.0729699109929902,0.19304963919064397,11.0,13.0,8,dynamic
Steve-O,0.08673626053864318,0.29247060996572466,8.0,11.0,8,dynamic
Ty Murray,0.1273846122110929,0.38187804534031977,4.0,7.0,8,dynamic
Aaron Carter,0.10888781591568623,0.5827497184707464,5.0,4.0,9,dynamic
Ashley Hamiliton,0.056528663690085384,1.9921961738115492e-07,15.0,15.0,9,dynamic
Chuck Liddell,0.06925633065871507,0.15869884173586687,11.0,12.0,9,dynamic
Debi Mazar,0.06453981340132964,0.19580130750875588,13.0,10.0,9,dynamic
Donny Osmond,0.1484967549861838,0.6357322972000389,2.0,3.0,9,dynamic
Joanna Krupa,0.1255992626896821,0.6396442475249645,4.0,2.0,9,dynamic
Kathy Ireland,0.06230296237244717,0.031904948514131504,14.0,14.0,9,dynamic
Kelly Osbourne,0.14085839944272383,0.38238761364990004,3.0,8.0,9,dynamic
Louie Vito,0.0802928326745852,0.24475687912594954,10.0,9.0,9,dynamic
Macy Gray,0.05652865960868322,0.0,16.0,16.0,9,dynamic
Mark Dacascos,0.09337276358104184,0.4610257720292991,6.0,6.0,9,dynamic
Melissa Joan Hart,0.08442621994395015,0.38622342507248225,8.0,7.0,9,dynamic
Michael Irvin,0.08853185421430643,0.18090451530060053,7.0,11.0,9,dynamic
Mya,0.15297687874207166,0.865603466124545,1.0,1.0,9,dynamic
Natalie Coughlin,0.08196922778249467,0.49873269242124135,9.0,5.0,9,dynamic
Tom DeLay,0.06512766222798096,0.09758820520415847,12.0,13.0,9,dynamic
Aiden Turner,0.09171058926114636,0.28761409374785146,9.0,8.0,10,dynamic
Buzz Aldrin,0.08708703032498362,0.18391818425505857,10.0,10.0,10,dynamic
Chad Ochocinco,0.13686310985167413,0.37012710699949936,4.0,6.0,10,dynamic
Erin Andrews,0.16348550104167153,0.5446681137204872,3.0,3.0,10,dynamic
Evan Lysacek,0.16797279261242468,0.7246792335673293,2.0,2.0,10,dynamic
Jake Pavelka,0.10830713439454649,0.4286322659910269,7.0,5.0,10,dynamic
Kate Gosselin,0.09218465356830834,0.15713442865337096,8.0,11.0,10,dynamic
Nicole Scherzinger,0.17493543405073395,0.9657486706428537,1.0,1.0,10,dynamic
Niecy Nash,0.12223944820794867,0.29076735327169795,5.0,7.0,10,dynamic
Pamela Anderson,0.11950455014110514,0.5350808339517145,6.0,4.0,10,dynamic
Shannen Doherty,0.07548888770347414,0.251108634687212,11.0,9.0,10,dynamic
Audrina Patridge,0.10787031367037851,0.6443343858782238,7.0,3.0,11,dynamic
Brandy,0.1475591010248168,0.8295263847076293,4.0,2.0,11,dynamic
Bristol Palin,0.1553741096539047,0.28136294275891544,3.0,8.0,11,dynamic
David Hasselhoff,0.0755648770180497,0.0,12.0,12.0,11,dynamic
Florence Henderson,0.09518794730746157,0.2979963123347646,8.0,7.0,11,dynamic
Jennifer Grey,0.17021851536166988,0.9083740144101397,1.0,1.0,11,dynamic
Kurt Warner,0.1276628758201504,0.49438067376596234,5.0,6.0,11,dynamic
Kyle Massey,0.16135780456420978,0.593302955918788,2.0,5.0,11,dynamic
Margaret Cho,0.0842502136274083,0.16211148258630592,10.0,10.0,11,dynamic
Michael Bolton,0.07585903581198766,0.053520823499998156,11.0,11.0,11,dynamic
Rick Fox,0.11809632743645948,0.6026593660476623,6.0,4.0,11,dynamic
The Situation,0.08782282206963933,0.18266547725122845,9.0,9.0,11,dynamic
Chelsea Kane,0.16945213713551216,0.815339204552805,1.0,2.0,12,dynamic
Chris Jericho,0.11011562696577078,0.5961745230506998,7.0,4.0,12,dynamic
Hines Ward,0.1667704283574988,0.8803726199846447,2.0,1.0,12,dynamic
Kendra Wilkinson,0.11595520079267273,0.3683143220392108,6.0,8.0,12,dynamic
Kirstie Alley,0.15897798683328418,0.45202146877755967,3.0,7.0,12,dynamic
Mike Catherwood,0.08149378255694388,0.0,11.0,11.0,12,dynamic
Petra Nemcova,0.10289699728841448,0.45257895517156754,8.0,6.0,12,dynamic
Ralph Macchio,0.1401745832170759,0.5285658836495322,4.0,5.0,12,dynamic
Romeo,0.12776536082548226,0.6274424945535442,5.0,3.0,12,dynamic
Sugar Ray Leonard,0.09094048483062485,0.23981564858536178,9.0,9.0,12,dynamic
Wendy Williams,0.0835618943192379,0.02961491673436352,10.0,10.0,12,dynamic
Carson Kressley,0.09749503648658135,0.32622221093545395,9.0,9.0,13,dynamic
Chaz Bono,0.10526041265461501,0.337261773006401,7.0,8.0,13,dynamic
Chynna Phillips,0.09766663931063574,0.6715176545651783,8.0,3.0,13,dynamic
David Arquette,0.11534633571265977,0.4716530806606457,6.0,7.0,13,dynamic
Elisabetta Canalis,0.07646627924846683,0.1605375565714584,11.0,11.0,13,dynamic
Hope Solo,0.1373427969469674,0.4856581788029061,4.0,6.0,13,dynamic
J.R. Martinez,0.16688525773029006,0.7796786200230439,2.0,1.0,13,dynamic
Kristin Cavallari,0.08720221315048737,0.5645443812158238,10.0,5.0,13,dynamic
Metta World Peace (Ron),0.07492837783605234,0.0,12.0,12.0,13,dynamic
Nancy Grace,0.1225381149327852,0.3261608062732551,5.0,10.0,13,dynamic
Ricki Lake,0.16862503206452317,0.7778955020621638,1.0,2.0,13,dynamic
Rob Kardashian,0.1621910868690673,0.622775026168703,3.0,4.0,13,dynamic
Donald Driver,0.15058205859350476,0.5505740763775144,3.0,5.0,14,dynamic
Gavin DeGraw,0.08906347226694558,0.17715968998827306,9.0,11.0,14,dynamic
Gladys Knight,0.093047214846868,0.1979580463654865,8.0,9.0,14,dynamic
Jack Wagner,0.08448267708237715,0.30998470124373995,11.0,7.0,14,dynamic
Jaleel White,0.10502855670345033,0.5201762305229028,7.0,6.0,14,dynamic
Katherine Jenkins,0.15412305245470953,0.8275028959392395,1.0,1.0,14,dynamic
Maria Menounos,0.12889365651422147,0.6349735203397433,4.0,3.0,14,dynamic
Martina Navratilova,0.07676671925303671,0.0,12.0,12.0,14,dynamic
Melissa Gilbert,0.10861208879682835,0.18536377496176726,6.0,10.0,14,dynamic
Roshon Fegan,0.11382400203739201,0.60789851439408,5.0,4.0,14,dynamic
Sherri Sheperd,0.08717790684489696,0.2994699385852718,10.0,8.0,14,dynamic
William Levy,0.151892360974322,0.675443953037546,2.0,2.0,14,dynamic
Apolo Anton Ohno,0.12187150249584246,0.6832190384548107,5.0,5.0,15,dynamic
Bristol Palin,0.08796931546706849,0.3653689082827205,9.0,10.0,15,dynamic
Drew Lachey,0.08149372573839989,0.4423256688554961,11.0,9.0,15,dynamic
Emmitt Smith,0.12249403449481057,0.6101012260056217,4.0,7.0,15,dynamic
Gilles Marini,0.11338195531657072,0.748248012090295,6.0,2.0,15,dynamic
Helio Castroneves,0.0839315620666109,0.6593729220701806,10.0,6.0,15,dynamic
Joey Fatone,0.07328597233133322,0.31402393402030787,12.0,11.0,15,dynamic
Kelly Monaco,0.14402264409403012,0.5609118395681245,3.0,8.0,15,dynamic
Kirstie Alley,0.10697067803550514,0.2576839362719669,7.0,12.0,15,dynamic
Melissa Rycroft,0.1460681576059158,0.833681680642121,1.0,1.0,15,dynamic
Pamela Anderson,0.07034320554288173,0.0,13.0,13.0,15,dynamic
Sabrina Bryan,0.10187871407603266,0.7426030343167391,8.0,3.0,15,dynamic
Shawn Johnson,0.14606405233230066,0.7299473668643218,2.0,4.0,15,dynamic
Alexandra Raisman,0.14129266391387543,0.7973826789064247,3.0,3.0,16,dynamic
Andy Dick,0.09626658264549039,0.23510946530258162,7.0,11.0,16,dynamic
D. L. Hughley,0.08406881196323919,0.09994437478689291,10.0,12.0,16,dynamic
Dorothy Hamill,0.08033638659177157,0.36983216881507874,11.0,7.0,16,dynamic
Ingo Rademacher,0.11913857611434812,0.4182966978061313,5.0,5.0,16,dynamic
Jacoby Jones,0.13845251715404056,0.6577320106179808,4.0,4.0,16,dynamic
Kellie Pickler,0.14259469225471358,0.8822820743160238,2.0,2.0,16,dynamic
Lisa Vanderpump,0.0850827337914173,0.3208855205844605,9.0,8.0,16,dynamic
Sean Lowe,0.10861895382215048,0.39762117088155774,6.0,6.0,16,dynamic
Victor Ortiz,0.09407481691832746,0.2888108049594879,8.0,9.0,16,dynamic
Wynonna Judd,0.07945352534291046,0.24980576186008893,12.0,10.0,16,dynamic
Zendaya,0.14373791269448302,0.9029429825129537,1.0,1.0,16,dynamic
Amber Riley,0.14039289175851463,0.8565603161374352,1.0,1.0,17,dynamic
Bill Engvall,0.1313027461209345,0.31183071444063665,4.0,9.0,17,dynamic
Bill Nye,0.07535435865527795,0.053748687663538346,11.0,12.0,17,dynamic
Brant Daugherty,0.10741676956333232,0.6684809372284375,7.0,5.0,17,dynamic
Christina Milian,0.09262004928468417,0.6757675283591321,9.0,4.0,17,dynamic
Corbin Bleu,0.14003666451948255,0.8540133923052274,2.0,2.0,17,dynamic
Elizabeth Berkley Lauren,0.11333828877394161,0.7197659478054032,6.0,3.0,17,dynamic
Jack Osbourne,0.13546561706825203,0.6677402918844044,3.0,6.0,17,dynamic
Keyshawn Johnson,0.07467334110708668,0.12722343276763354,12.0,11.0,17,dynamic
Leah Remini,0.12187120775974554,0.5853356575290926,5.0,8.0,17,dynamic
"Nicole ""Snooki"" Polizzi",0.10249967434696139,0.6063145040424908,8.0,7.0,17,dynamic
Valerie Harper,0.08168108193980826,0.194220817078189,10.0,10.0,17,dynamic
Amy Purdy,0.1389504675412507,0.7467521498222491,2.0,2.0,18,dynamic
Billy Dee Williams,0.08371560872221964,0.3394539631212491,10.0,10.0,18,dynamic
Candace Cameron Bure,0.13647743953913333,0.3514767051304187,4.0,8.0,18,dynamic
Charlie White,0.1242375330501876,0.64483524423592,5.0,3.0,18,dynamic
Cody Simpson,0.09750237988291667,0.46071407721440727,9.0,6.0,18,dynamic
Danica McKellar,0.11623322445195781,0.6173880709803204,6.0,4.0,18,dynamic
Diana Nyad,0.07673306813345879,0.2408811533597366,11.0,12.0,18,dynamic
Drew Carey,0.10271488789209739,0.3527412282231381,8.0,7.0,18,dynamic
James Maslow,0.13661252744977256,0.5552903715095777,3.0,5.0,18,dynamic
Meryl Davis,0.15803412911010145,0.8781773271558043,1.0,1.0,18,dynamic
NeNe Leakes,0.10745791000754515,0.34883064548250475,7.0,9.0,18,dynamic
Sean Avery,0.0755399440660934,0.2925665860862247,12.0,11.0,18,dynamic
Alfonso Ribeiro,0.13779474127089822,0.8099098644235098,3.0,1.0,19,dynamic
Antonio Sabato Jr.,0.09153549930057056,0.31542297833177146,9.0,10.0,19,dynamic
Bethany Mota,0.13881181345039292,0.7459320511037197,1.0,3.0,19,dynamic
Betsey Johnson,0.07565910154878626,0.2319084495163863,11.0,11.0,19,dynamic
Janel Parrish,0.1384616462510688,0.7683594567456535,2.0,2.0,19,dynamic
Jonathan Bennett,0.10077750763149368,0.45338553253468145,7.0,6.0,19,dynamic
Lea Thompson,0.11015116280503531,0.6132664095377379,6.0,5.0,19,dynamic
Lolo Jones,0.06556681743306271,0.0375113951373861,13.0,13.0,19,dynamic
Michael Waltrip,0.09438570540369816,0.1856623666533362,8.0,12.0,19,dynamic
Randy Couture,0.08099989655154435,0.37747456028507714,10.0,7.0,19,dynamic
Sadie Robertson,0.13561851798088417,0.6785541323729591,4.0,4.0,19,dynamic
Tavis Smiley,0.0749927256567974,0.34218766868292694,12.0,8.0,19,dynamic
Tommy Chong,0.11893980775500199,0.3303133234179162,5.0,9.0,19,dynamic
Charlotte McKinney,0.07938196330638402,0.15511297281552736,11.0,11.0,20,dynamic
Chris Soules,0.11179659488567394,0.36517724842994004,5.0,6.0,20,dynamic
Michael Sam,0.08429647736641162,0.29803908194441064,10.0,8.0,20,dynamic
Nastia Liukin,0.13383668304362561,0.8370521154911992,4.0,2.0,20,dynamic
Noah Galloway,0.14574100329164344,0.36060466935618407,3.0,7.0,20,dynamic
Patti LaBelle,0.09402617870208803,0.24563780123235693,8.0,10.0,20,dynamic
Redfoo,0.07124480267038474,0.11556454004077778,12.0,12.0,20,dynamic
Riker Lynch,0.1549905763764893,0.8742442564723023,1.0,1.0,20,dynamic
Robert Herjavec,0.11172046380070964,0.3890262591192898,6.0,5.0,20,dynamic
Rumer Willis,0.1546894278370778,0.8011986759615682,2.0,3.0,20,dynamic
Suzanne Somers,0.08748609884664063,0.28197524984956834,9.0,9.0,20,dynamic
Willow Shields,0.10481633384184234,0.6740318916169125,7.0,4.0,20,dynamic
Alek Skarlatos,0.13074907166242725,0.44704244682367855,4.0,8.0,21,dynamic
Alexa PenaVega,0.10533947330780866,0.6627668947348193,7.0,4.0,21,dynamic
Andy Grammer,0.10597516297241161,0.6201012093814722,6.0,6.0,21,dynamic
Bindi Irwin,0.1440276736193011,0.8873321266660666,1.0,1.0,21,dynamic
Carlos PenaVega,0.14345581725020493,0.7643979782538305,3.0,2.0,21,dynamic
Chaka Khan,0.06708863293658203,0.039713898372909305,13.0,13.0,21,dynamic
Gary Busey,0.07877755859760777,0.17354145039247812,10.0,11.0,21,dynamic
Hayes Grier,0.09946012184617223,0.5866525853260287,8.0,7.0,21,dynamic
Kim Zolciak-Biermann,0.06896559840078573,0.179547688687158,12.0,10.0,21,dynamic
Nick Carter,0.14371893550547865,0.7451592687831163,2.0,3.0,21,dynamic
Paula Deen,0.08439000755672786,0.12648633080290386,9.0,12.0,21,dynamic
Tamar Braxton,0.12112718368799642,0.6611428192912566,5.0,5.0,21,dynamic
Victor Espinoza,0.07137635475909576,0.29934116104226016,11.0,9.0,21,dynamic
Antonio Brown,0.11786595898961218,0.4407732561947814,5.0,9.0,22,dynamic
Doug Flutie,0.09179202359001819,0.27901236172092275,9.0,10.0,22,dynamic
Geraldo Rivera,0.07088517525215722,0.0,12.0,12.0,22,dynamic
Ginger Zee,0.1417889015842996,0.6005211304197368,3.0,4.0,22,dynamic
Jodie Sweetin,0.10713937054430167,0.5688361344752354,6.0,5.0,22,dynamic
Kim Fields,0.0989904188720792,0.44912645488439035,8.0,8.0,22,dynamic
Marla Maples,0.08599193142017739,0.48564184034445795,10.0,6.0,22,dynamic
Mischa Barton,0.0781955318110648,0.15491602878578314,11.0,11.0,22,dynamic
Nyle DiMarco,0.14388088312857567,0.7643333598774461,2.0,3.0,22,dynamic
Paige VanZant,0.14427110244346233,0.8029718999644508,1.0,2.0,22,dynamic
Von Miller,0.09949555386389743,0.4646740961932779,7.0,7.0,22,dynamic
Wanya Morris,0.12468932342950415,0.8085302420520303,4.0,1.0,22,dynamic
Amber Rose,0.08808658059785858,0.2203301505800976,9.0,10.0,23,dynamic
Babyface,0.07982182818672764,0.3913263353349487,10.0,6.0,23,dynamic
Calvin Johnson Jr.,0.13245824666077605,0.5641009929110162,3.0,3.0,23,dynamic
Jake T. Austin,0.07079907054710198,0.11815354258055533,13.0,12.0,23,dynamic
James Hinchcliffe,0.13584557462667474,0.7884893478173133,2.0,2.0,23,dynamic
Jana Kramer,0.13130181162493906,0.5539664352523925,4.0,4.0,23,dynamic
Laurie Hernandez,0.1361364320947476,0.830347699107428,1.0,1.0,23,dynamic
Marilu Henner,0.10814821788119651,0.3737886827990915,6.0,7.0,23,dynamic
Maureen McCormick,0.09383138379904,0.28520983947616113,8.0,9.0,23,dynamic
Rick Perry,0.07414521639188719,0.09490856813393213,12.0,13.0,23,dynamic
Ryan Lochte,0.09653878423830088,0.21255629541415116,7.0,11.0,23,dynamic
Terra Jole,0.11734563514152244,0.5314469848112827,5.0,5.0,23,dynamic
Vanilla Ice,0.07976910636797009,0.3233576402422271,11.0,8.0,23,dynamic
Bonner Bolton,0.11245906371625095,0.2905061839255692,5.0,9.0,24,dynamic
Charo,0.08035687911306588,0.1831931856243142,11.0,10.0,24,dynamic
Chris Kattan,0.07373699130514907,0.0,12.0,12.0,24,dynamic
David Ross,0.15145424000772545,0.3952387065269986,3.0,6.0,24,dynamic
Erika Jayne,0.08964464961805388,0.30406830066021007,9.0,8.0,24,dynamic
Heather Morris,0.09885821095887755,0.6699306479358959,8.0,4.0,24,dynamic
Mr. T,0.0821631178036438,0.04795623163667368,10.0,11.0,24,dynamic
Nancy Kerrigan,0.10472618002138419,0.6120490589105444,6.0,5.0,24,dynamic
Nick Viall,0.10339789015853351,0.36813797440576373,7.0,7.0,24,dynamic
Normani,0.15880581024909265,0.8427537143982606,1.0,1.0,24,dynamic
Rashad Jennings,0.15712616098847326,0.7740674113625892,2.0,3.0,24,dynamic
Simone Biles,0.13455858683889435,0.7751792233045502,4.0,2.0,24,dynamic
Barbara Corcoran,0.06986936444223762,0.0,13.0,13.0,25,dynamic
Debbie Gibson,0.07519274441049933,0.4293117016771696,12.0,7.0,25,dynamic
Derek Fisher,0.08093319859741137,0.2645029966939891,11.0,11.0,25,dynamic
Drew Scott,0.1277671082314628,0.34214742904328316,4.0,8.0,25,dynamic
Frankie Muniz,0.12965979871120706,0.5837464581138585,3.0,4.0,25,dynamic
Jordan Fisher,0.13594136678810093,0.9168332694665711,1.0,1.0,25,dynamic
Lindsey Stirling,0.13348762199471428,0.784490265153458,2.0,2.0,25,dynamic
Nick Lachey,0.0871716970871443,0.24976020690135603,9.0,12.0,25,dynamic
Nikki Bella,0.0951938921905,0.430003195899583,8.0,6.0,25,dynamic
Sasha Pieterse,0.08404192830593152,0.33454353366219386,10.0,9.0,25,dynamic
Terrell Owens,0.10109688153767614,0.31435752599414263,6.0,10.0,25,dynamic
Vanessa Lachey,0.09720708344672281,0.5876667969490473,7.0,3.0,25,dynamic
Victoria Arlen,0.11319581387061531,0.5414460440116875,5.0,5.0,25,dynamic
Adam Rippon,0.19039076093347368,0.9999342545863801,1.0,1.0,26,dynamic
Arike Ogunbowale,0.10611375211721123,0.36053824986529637,8.0,7.0,26,dynamic
Chris Mazdzer,0.1280313138746024,0.4798136061157907,5.0,4.0,26,dynamic
Jamie Anderson,0.08820223031867103,0.08599687121790112,10.0,10.0,26,dynamic
Jennie Finch Daigle,0.1254433619740992,0.39383795037556535,6.0,6.0,26,dynamic
Johnny Damon,0.0928994379522665,0.21606035051849998,9.0,9.0,26,dynamic
Josh Norman,0.18581712343857634,0.7062852456064391,2.0,3.0,26,dynamic
Kareem Abdul-Jabbar,0.10729735177355765,0.21615407212754645,7.0,8.0,26,dynamic
Mirai Nagasu,0.13439887511232665,0.7877245815604663,4.0,2.0,26,dynamic
Tonya Harding,0.18090598339406,0.4673039061024294,3.0,5.0,26,dynamic
Alexis Ren,0.1276312528427355,0.7697545678072539,2.0,4.0,27,dynamic
Bobby Bones,0.1177088180289828,0.3492273513091956,4.0,10.0,27,dynamic
Danelle Umstead,0.0740496711600025,0.2755009332915159,12.0,12.0,27,dynamic
DeMarcus Ware,0.0995032546891514,0.6684543891166366,7.0,6.0,27,dynamic
Evanna Lynch,0.12750877242919317,0.7849356183177832,3.0,3.0,27,dynamic
Joe Amabile,0.10444291651598837,0.30143913863262883,6.0,11.0,27,dynamic
John Schneider,0.09740507892340906,0.4772372139962417,8.0,8.0,27,dynamic
Juan Pablo Di Pace,0.11511799948302343,0.9146751347972776,5.0,1.0,27,dynamic
Mary Lou Retton,0.09336723953232366,0.5949254180559144,9.0,7.0,27,dynamic
Milo Manheim,0.1298131279909239,0.869452420710655,1.0,2.0,27,dynamic
Nancy McKeon,0.07737817879732654,0.3787772802826738,11.0,9.0,27,dynamic
Nikki Glaser,0.0637469899495995,0.11671466260028422,13.0,13.0,27,dynamic
Tinashe,0.08425307230948453,0.7550179543057701,10.0,5.0,27,dynamic
Ally Brooke,0.14301192150754916,0.784554529100684,1.0,1.0,28,dynamic
Hannah Brown,0.131584165067251,0.6132630561350157,5.0,7.0,28,dynamic
James Van Der Beek,0.13204556089299052,0.7724301004489581,4.0,2.0,28,dynamic
Karamo Brown,0.08887824706320026,0.419717150644964,11.0,10.0,28,dynamic
Kate Flannery,0.11208770237504932,0.6880106526728365,6.0,4.0,28,dynamic
Kel Mitchell,0.13486674792452902,0.684510978817535,2.0,5.0,28,dynamic
Lamar Odom,0.07621653046388586,0.11164488863805053,12.0,12.0,28,dynamic
Lauren Alaina,0.1337917048835791,0.5764123565361533,3.0,9.0,28,dynamic
Mary Wilson,0.09724520028621672,0.6809922594084288,8.0,6.0,28,dynamic
Ray Lewis,0.0949525045285056,0.580929765708178,10.0,8.0,28,dynamic
Sailor Brinkley-Cook,0.10349594081358642,0.7692698689394154,7.0,3.0,28,dynamic
Sean Spicer,0.09718421478320002,0.11751353203048626,9.0,11.0,28,dynamic
AJ McLean,0.0932925271890363,0.586520566215896,7.0,6.0,29,dynamic
Anne Heche,0.07590364192545782,0.5577713412072907,12.0,8.0,29,dynamic
Carole Baskin,0.0557436799582716,0.1321546486638546,14.0,14.0,29,dynamic
Charles Oakley,0.05265383145238391,0.09781198921226222,15.0,15.0,29,dynamic
Chrishell Stause,0.08584463464751513,0.47301676868814935,8.0,11.0,29,dynamic
Jeannie Mai,0.0828994335620469,0.5724440327561723,10.0,7.0,29,dynamic
Jesse Metcalfe,0.06578468105310811,0.4376098191727336,13.0,12.0,29,dynamic
Johnny Weir,0.1039222198585528,0.6383392657638245,4.0,4.0,29,dynamic
Justina Machado,0.11237294062225986,0.639401177175026,3.0,3.0,29,dynamic
Kaitlyn Bristowe,0.11492446902593688,0.7207763461027661,2.0,2.0,29,dynamic
Monica Aldama,0.08463250861970292,0.5939171320329956,9.0,5.0,29,dynamic
Nelly,0.10031678108757963,0.30248860194102145,5.0,13.0,29,dynamic
Nev Schulman,0.11941696019236912,0.7692888964316572,1.0,1.0,29,dynamic
Skai Jackson,0.09580307649183048,0.541707811338316,6.0,10.0,29,dynamic
Veron Davis,0.08020238056431934,0.553658483032735,11.0,9.0,29,dynamic
Amanda Kloots,0.11568635465458361,0.7048638994859359,1.0,5.0,30,dynamic
Brian Austin Green,0.06125222065411044,0.4164824258294003,14.0,13.0,30,dynamic
Christine Chiu,0.0745258178790066,0.7224245208025691,12.0,3.0,30,dynamic
Cody Rigsby,0.10456239766156843,0.40013088973128275,5.0,14.0,30,dynamic
Iman Shumpert,0.0935119011727668,0.4230679206791595,7.0,12.0,30,dynamic
Jimmie Allen,0.09208034921999567,0.5361426355244423,8.0,11.0,30,dynamic
JoJo Siwa,0.11023370248201599,0.7848957378830294,2.0,1.0,30,dynamic
Kenya Moore,0.08535714862154568,0.6300121827105779,9.0,8.0,30,dynamic
Martin Kove,0.05881658035400193,0.19237134377863518,15.0,15.0,30,dynamic
Matt James,0.07276392221225879,0.590895374158289,13.0,9.0,30,dynamic
Melanie C,0.07890366531631492,0.7334449176235982,10.0,2.0,30,dynamic
Melora Hardin,0.10578782503700371,0.6523115180940364,3.0,7.0,30,dynamic
"Mike ""The Miz"" Mizanin",0.07888405608424241,0.5424310300736519,11.0,10.0,30,dynamic
Olivia Jade,0.09790741515688582,0.7082691071283279,6.0,4.0,30,dynamic
Suni Lee,0.10577101147016893,0.6926429690117644,4.0,6.0,30,dynamic
Charli D'Amelio,0.11366231569856244,0.7508865024349805,3.0,1.0,31,dynamic
Cheryl Ladd,0.06847841227068711,0.4402699552825673,15.0,14.0,31,dynamic
Daniel Durant,0.09335149992941011,0.5501376773126346,6.0,11.0,31,dynamic
Gabby Windey,0.10023543344464281,0.6594660631360016,4.0,2.0,31,dynamic
Heidi D'Amelio,0.08612310321139188,0.5946688100724862,7.0,8.0,31,dynamic
Jason Lewis,0.08015098190325247,0.6369519103566029,9.0,3.0,31,dynamic
Jessie James Decker,0.07614930679503024,0.4737276505287471,12.0,13.0,31,dynamic
Jordin Sparks,0.08055202742845409,0.5510773983864261,8.0,10.0,31,dynamic
Joseph Baena,0.06531804092338107,0.43249334263902617,16.0,15.0,31,dynamic
Sam Champion,0.0726767610200489,0.4885671438538747,14.0,12.0,31,dynamic
Selma Blair,0.07413286147378637,0.5974996858741883,13.0,5.0,31,dynamic
Shangela,0.12142388276071317,0.5974768118599276,1.0,6.0,31,dynamic
Teresa Giudice,0.07666464706237099,0.5952871934875641,11.0,7.0,31,dynamic
Trevor Donovan,0.09704923726591669,0.5664961197094812,5.0,9.0,31,dynamic
Vinny Guadagnino,0.07774253763630888,0.3257650018390805,10.0,16.0,31,dynamic
Wayne Brady,0.11746148177458197,0.6132562336263263,2.0,4.0,31,dynamic
Adrian Peterson,0.06451724304014676,0.18166088162991045,14.0,14.0,32,dynamic
Alyson Hannigan,0.10497368300155051,0.2329903486339771,5.0,13.0,32,dynamic
Ariana Madix,0.13317537877030658,0.647363811941568,2.0,3.0,32,dynamic
Barry Williams,0.08924022482096619,0.3382662209528729,11.0,11.0,32,dynamic
Charity Lawson,0.1341846147627543,0.6448421291702707,1.0,4.0,32,dynamic
Harry Jowsey,0.09541779989955353,0.23827306264470527,9.0,12.0,32,dynamic
Jamie Lynn Spears,0.07657153587847501,0.4465101667553131,13.0,9.0,32,dynamic
Jason Mraz,0.12565396566064582,0.6296238669183593,4.0,5.0,32,dynamic
Lele Pons,0.10485810608671818,0.5740757879093594,6.0,6.0,32,dynamic
Matt Walsh,0.0940540582966704,0.6999088389009112,10.0,2.0,32,dynamic
Mauricio Umansky,0.07868751014265349,0.37877404465068515,12.0,10.0,32,dynamic
Mira Sorvino,0.0977395166999733,0.48342408579598456,8.0,8.0,32,dynamic
Tyson Beckford,0.10132845654166074,0.516232509253303,7.0,7.0,32,dynamic
Xochitl Gomez,0.1313975526714959,0.7010067214102956,3.0,1.0,32,dynamic
Anna Delvey,0.08868007318136512,0.5663215322013164,9.0,4.0,33,dynamic
Brooks Nader,0.09978414718528765,0.6467673238216007,8.0,3.0,33,dynamic
Chandler Kinney,0.13609651850134744,0.8000959442784704,3.0,1.0,33,dynamic
Danny Amendola,0.13824940893743026,0.5117416663325145,2.0,7.0,33,dynamic
Dwight Howard,0.11069864168257634,0.46642542304361134,6.0,8.0,33,dynamic
Eric Roberts,0.0647749817295154,0.12310034257347728,12.0,13.0,33,dynamic
Ilona Maher,0.12658267570633291,0.43852536695339345,5.0,9.0,33,dynamic
Jenn Tran,0.10014776734478718,0.5339420973728727,7.0,6.0,33,dynamic
Joey Graziadei,0.14647820160767047,0.7690846856652627,1.0,2.0,33,dynamic
Phaedra Parks,0.08651795507169528,0.422110496052135,10.0,10.0,33,dynamic
Reginald VelJohnson,0.06744217358205686,0.1705195250094019,11.0,12.0,33,dynamic
Stephen Nedoroscik,0.13029915832944047,0.5468728357275787,4.0,5.0,33,dynamic
Tori Spelling,0.05956563000808717,0.18840133290311645,13.0,11.0,33,dynamic
Alix Earle,0.11784021013962956,0.7740994417767761,3.0,3.0,34,dynamic
Andy Richter,0.07563865130739703,0.07965721409798766,13.0,13.0,34,dynamic
Baron Davis,0.07621832359739758,0.49448151381409927,12.0,11.0,34,dynamic
Corey Feldman,0.05793079047215695,0.029984730143853517,14.0,14.0,34,dynamic
Danielle Fishel,0.08537706435138412,0.49556963050817204,10.0,10.0,34,dynamic
Dylan Efron,0.1205091198754932,0.5778758388081388,2.0,7.0,34,dynamic
Elaine Hendrix,0.10742768542914051,0.508134162843902,6.0,9.0,34,dynamic
Hilaria Baldwin,0.08639419907001619,0.7620950456348423,9.0,4.0,34,dynamic
Jen Affleck,0.07634131662095281,0.4190303135278105,11.0,12.0,34,dynamic
Jordan Chiles,0.116605584793267,0.6565431932397744,5.0,6.0,34,dynamic
Lauren Jauregui,0.08870898244575325,0.6947643341757969,8.0,5.0,34,dynamic
Robert Irwin,0.12838167362760347,0.8135093509909023,1.0,2.0,34,dynamic
Scott Hoying,0.09150237381095867,0.5315546733450821,7.0,8.0,34,dynamic
Whitney Leavitt,0.11744231799370271,0.8137470934894827,4.0,1.0,34,dynamic
